SKU ID,Seller SKU,Product Name,Brand,Category,Variant,UOM,Cost Price,Base Price,Weight (gr),Shelf Life (days),Perishable,Popularity Weight,Shopee Item ID,Shopee Model ID,Shopee Price,TikTok Product ID,TikTok SKU ID,TikTok Price,Launch Date
SRC-0001,SS-SRC-0001,Air Mineral 600 ml,Tirta Segar,Minuman,600 ml,pcs,2950,4000,620,365,FALSE,10,3342331444,8424239633513,3800,1274830864303712499,3016579388887034202,4000,2024-05-18
SRC-0002,SS-SRC-0002,Air Mineral 1500 ml,Sari Bumi,Minuman,1500 ml,pcs,4300,6500,1550,365,FALSE,9,6241752544,5894498626988,6400,9017880294935156107,7998762617471362847,6600,2023-10-30
SRC-0003,SS-SRC-0003,Teh Kotak Original 300 ml,Kelinci Putih,Minuman,Original,pcs,4200,5500,330,240,FALSE,8,8574149614,2628231594989,5500,1892051149799221885,8816755856521171598,5500,2024-07-26
SRC-0004,SS-SRC-0004,Jus Jeruk 1 L,Tirta Segar,Minuman,1 L,pcs,15000,22000,1100,180,FALSE,5,3303082117,2384605262099,21300,3704092307918063857,6798178739033726258,21400,2023-09-19
SRC-0005,SS-SRC-0005,Susu UHT Cokelat 1 L,Sari Bumi,Minuman,Cokelat,pcs,13900,19000,1050,270,FALSE,8,9786748825,7683402910416,19200,5181971900251588409,8693310826810980143,19300,2024-10-22
SRC-0006,SS-SRC-0006,Susu UHT Plain 1 L,Kelinci Putih,Minuman,Plain,pcs,12700,18500,1050,270,FALSE,7,9896606039,4009204318179,18100,7725007747957220359,2507121991066054091,18300,2024-04-03
SRC-0007,SS-SRC-0007,Susu Kental Manis 370 gr,Tirta Segar,Minuman,370 gr,pcs,8100,11500,410,365,FALSE,7,8235363119,1986880405049,11100,8579791085629793529,8425236935745452195,12000,2024-05-22
SRC-0008,SS-SRC-0008,Minuman Isotonik 500 ml,Sari Bumi,Minuman,500 ml,pcs,5100,7500,550,240,FALSE,5,7439149233,9073004576946,7300,3443088376238390147,3274737258927935517,7400,2024-02-14
SRC-0009,SS-SRC-0009,Susu Kedelai 250 ml,Kelinci Putih,Minuman,250 ml,pcs,4500,6000,280,120,FALSE,4,7010379415,3435235880944,5900,5551880211631722664,7970860036377925336,6200,2023-10-21
SRC-0010,SS-SRC-0010,Susu Fermentasi 200 ml,Tirta Segar,Minuman,200 ml,pcs,5350,8500,230,30,TRUE,3,3561557300,7714686446661,8100,5880218456799190530,9956617168277777644,8700,2023-10-27
SRC-0011,SS-SRC-0011,Mie Instan Goreng 85 gr,Bintang Pagi,Makanan Instan,Goreng,pcs,2500,3500,90,300,FALSE,10,8047877267,6163029802729,3600,2458747800996857498,1029932745726049443,3600,2024-09-06
SRC-0012,SS-SRC-0012,Mie Instan Kuah Ayam 75 gr,Nusantara,Makanan Instan,Kuah Ayam,pcs,2600,3300,80,300,FALSE,9,4272602734,6251135679598,3300,6893268885523113079,6616758820852609492,3300,2023-08-08
SRC-0013,SS-SRC-0013,Mie Instan Kuah Sapi 75 gr,Prima Rasa,Makanan Instan,Kuah Sapi,pcs,2250,3400,80,300,FALSE,8,7867414708,1341400961925,3300,9569422206631894267,9104778764294835893,3300,2025-01-01
SRC-0014,SS-SRC-0014,Bubur Instan Ayam 40 gr,Bintang Pagi,Makanan Instan,Ayam,pcs,3600,4500,50,300,FALSE,4,5067116918,3215197391284,4500,7085127283480085341,9733137625552788254,4500,2024-04-30
SRC-0015,SS-SRC-0015,Sarden Kaleng 155 gr,Nusantara,Makanan Instan,155 gr,pcs,9000,12500,200,730,FALSE,7,5141907136,4537721043548,12100,3875075356094878438,6994067111485615417,13000,2023-10-26
SRC-0016,SS-SRC-0016,Kornet Sapi Kaleng 198 gr,Prima Rasa,Makanan Instan,198 gr,pcs,14450,21000,250,730,FALSE,5,1965067727,1370819253915,21300,6109024271550342754,6427402121125874835,21100,2024-04-23
SRC-0017,SS-SRC-0017,Nugget Ayam 500 gr,Bintang Pagi,Makanan Instan,500 gr,pack,21100,32000,530,180,TRUE,6,2419179580,5185506430032,30600,7170230914338670907,2975985799229087719,32700,2024-05-12
SRC-0018,SS-SRC-0018,Sosis Ayam 500 gr,Nusantara,Makanan Instan,500 gr,pack,20100,28000,510,150,TRUE,5,2748309234,2705507142740,28000,4975745439398041594,4906823234602090207,29100,2023-09-05
SRC-0019,SS-SRC-0019,Keripik Kentang Original 68 gr,Aroma Jaya,Snack,Original,pcs,7650,11000,80,200,FALSE,7,5555296751,6968837227691,11100,8947526437076181361,3293449872960458279,10700,2024-09-23
SRC-0020,SS-SRC-0020,Biskuit Cokelat 300 gr,Cahaya,Snack,300 gr,pcs,9800,15000,320,270,FALSE,6,6491309593,2326815322748,14800,8452689775761359924,8894901096412438503,14700,2024-06-28
SRC-0021,SS-SRC-0021,Wafer Cokelat 145 gr,Prima Rasa,Snack,145 gr,pcs,6850,9500,160,270,FALSE,6,5161807235,5161173462949,9100,4748508080679378274,5439747823840459287,10000,2024-12-17
SRC-0022,SS-SRC-0022,Cokelat Batang 65 gr,Aroma Jaya,Snack,65 gr,pcs,7900,12000,75,300,FALSE,5,6971815972,9004896177357,11700,4901555392492476402,9829696716179755544,11700,2023-12-10
SRC-0023,SS-SRC-0023,Permen Mint 125 gr,Cahaya,Snack,125 gr,pcs,6000,8000,140,365,FALSE,4,1664847319,4828090211154,8000,1539413171727586886,7785977695135410368,8200,2023-08-22
SRC-0024,SS-SRC-0024,Kacang Atom 200 gr,Prima Rasa,Snack,200 gr,pcs,9350,13000,210,180,FALSE,4,1676168421,9937658489634,13000,8852249048445759315,1631997721075661206,12700,2023-09-01
SRC-0025,SS-SRC-0025,Kerupuk Udang 200 gr,Aroma Jaya,Snack,200 gr,pcs,6550,9000,200,180,FALSE,5,3446737272,8374810963284,9000,6383426661486795666,5821819503425009203,8900,2024-09-01
SRC-0026,SS-SRC-0026,Biskuit Marie 250 gr,Cahaya,Snack,250 gr,pcs,7100,10500,270,270,FALSE,5,6320115677,3303802357926,10200,6953693924981990396,5217152359719803842,10700,2024-02-15
SRC-0027,SS-SRC-0027,Kecap Manis 520 ml,Aroma Jaya,Bumbu & Rempah,520 ml,pcs,11850,17500,640,540,FALSE,9,1429416213,4751815571595,17500,3446042112706324684,9607798491129359464,17100,2023-09-20
SRC-0028,SS-SRC-0028,Saus Sambal 335 ml,Matahari,Bumbu & Rempah,335 ml,pcs,9550,14000,400,540,FALSE,8,5972484792,6324486160707,13400,8444183041317752409,5878616825638354406,13900,2024-03-16
SRC-0029,SS-SRC-0029,Saus Tomat 335 ml,Nusantara,Bumbu & Rempah,335 ml,pcs,8400,13500,400,540,FALSE,7,5871743247,3733975277719,13600,3598742930813918425,2942715647332327595,13400,2024-09-17
SRC-0030,SS-SRC-0030,Garam Beryodium 250 gr,Aroma Jaya,Bumbu & Rempah,250 gr,pcs,2600,3500,260,730,FALSE,8,7465682673,2623715817487,3400,4906796920540002083,3551924680123492380,3600,2024-04-06
SRC-0031,SS-SRC-0031,Gula Pasir 1 kg,Matahari,Bumbu & Rempah,1 kg,pack,10050,16000,1010,730,FALSE,9,8325785916,1169912801200,15600,1694002050486486088,9145218804464409507,15700,2024-04-08
SRC-0032,SS-SRC-0032,Kaldu Ayam Blok 100 gr,Nusantara,Bumbu & Rempah,Ayam,pcs,5600,7500,120,540,FALSE,6,5931025271,1734986781954,7200,4363316550687392999,9606217826197546633,7300,2023-12-20
SRC-0033,SS-SRC-0033,Merica Bubuk 30 gr,Aroma Jaya,Bumbu & Rempah,30 gr,pcs,6850,9000,45,540,FALSE,3,3929454134,2811045688826,9100,8195302353946980042,9154703284600604343,9400,2024-05-31
SRC-0034,SS-SRC-0034,Bawang Goreng 100 gr,Matahari,Bumbu & Rempah,100 gr,pcs,11650,15000,115,120,FALSE,4,4713453204,4117333527642,15300,4802744767555862032,2654310115628049978,15400,2024-05-04
SRC-0035,SS-SRC-0035,Sabun Cair 450 ml,Segar Alami,Perawatan Tubuh,450 ml,pcs,21050,28000,490,730,FALSE,6,2145921803,7726383052711,27300,1357171429701472912,5341349175503144055,29200,2024-04-22
SRC-0036,SS-SRC-0036,Shampoo Anti Ketombe 340 ml,Kelinci Putih,Perawatan Tubuh,Anti Ketombe,pcs,27700,42000,400,730,FALSE,6,4742303947,1413274309783,42300,2781307911842557786,4027682109776059856,42300,2024-02-24
SRC-0037,SS-SRC-0037,Pasta Gigi 190 gr,Cahaya,Perawatan Tubuh,190 gr,pcs,12050,18000,215,730,FALSE,7,7597996327,1489365297273,17200,9089251550218094950,3409284955653549218,18600,2024-01-08
SRC-0038,SS-SRC-0038,Deodoran Roll On 50 ml,Segar Alami,Perawatan Tubuh,50 ml,pcs,13700,21000,65,730,FALSE,4,7857221324,6518115691363,21400,6591289763265479281,5717045169608122735,20800,2024-09-12
SRC-0039,SS-SRC-0039,Sabun Batang 85 gr,Kelinci Putih,Perawatan Tubuh,85 gr,pcs,2900,4500,90,730,FALSE,7,8339176912,4468918935363,4600,4978016376320007766,9751822380817042858,4400,2024-11-17
SRC-0040,SS-SRC-0040,Hand Sanitizer 100 ml,Cahaya,Perawatan Tubuh,100 ml,pcs,8850,12000,125,730,FALSE,4,7049001493,4372096024310,11700,7132891487184248574,4496997968836013159,11900,2024-08-27
SRC-0041,SS-SRC-0041,Deterjen Bubuk 800 gr,Cahaya,Perawatan Rumah,800 gr,pack,17800,24000,860,730,FALSE,8,4580822352,6047891705783,24300,4965018305677133889,6349415387251834267,24500,2024-02-28
SRC-0042,SS-SRC-0042,Deterjen Cair 1 L,Tirta Segar,Perawatan Rumah,1 L,pcs,23350,32000,1120,730,FALSE,7,7490442894,3988163201073,31100,1782100782788538712,5754205627371633104,32200,2024-05-28
SRC-0043,SS-SRC-0043,Pembersih Lantai 800 ml,Segar Alami,Perawatan Rumah,800 ml,pcs,13700,18500,910,730,FALSE,7,8184602688,3590720536040,18400,1426246332815031823,6638007260876802307,18100,2024-05-06
SRC-0044,SS-SRC-0044,Sabun Cuci Piring 750 ml,Cahaya,Perawatan Rumah,750 ml,pcs,12750,16500,860,730,FALSE,8,6944142262,5292388824675,15800,7051067084803619908,1051141875058869708,16600,2024-06-16
SRC-0045,SS-SRC-0045,Pemutih Pakaian 1 L,Tirta Segar,Perawatan Rumah,1 L,pcs,10950,14000,1120,365,FALSE,5,1939915527,1882463522262,14100,3298448396478981497,8824521752496525445,14600,2023-10-24
SRC-0046,SS-SRC-0046,Pelembut Pakaian 1 L,Segar Alami,Perawatan Rumah,1 L,pcs,12850,20000,1060,730,FALSE,6,9123612497,8505475871811,19200,9364258579835792979,5112827094063470107,20100,2024-02-12
SRC-0047,SS-SRC-0047,Kopi Bubuk 250 gr,Matahari,Kopi & Teh,250 gr,pack,27350,35000,265,365,FALSE,6,4228856718,5828570793881,35100,1714657799457176983,3635377058123538523,35300,2024-04-11
SRC-0048,SS-SRC-0048,Kopi Instan Sachet (10x),Aroma Jaya,Kopi & Teh,10 sachet,pack,11900,18000,140,540,FALSE,7,1594312071,7735501980632,17500,2409379781562511857,2973367008294068878,18700,2024-10-11
SRC-0049,SS-SRC-0049,Teh Celup 25 Bags,Bintang Pagi,Kopi & Teh,25 bags,pack,7900,12500,95,540,FALSE,6,1267429212,8390920989454,12200,9345661867765842059,6387181721811768831,12700,2023-11-03
SRC-0050,SS-SRC-0050,Kopi Susu Sachet (10x),Matahari,Kopi & Teh,10 sachet,pack,17400,22000,210,365,FALSE,7,3048612358,7188801950832,20900,7949581433550790910,8871667945541610041,22900,2023-12-09
