No.,Order ID,Order Status,Product Name,SKU Reference No.,Variation,Original Price,Deal Price,Quantity,Returned Quantity,Product Subtotal,Seller Discount,Shopee Discount,Shopee Coin Discount,Buyer Paid Shipping Fee,Shopee Shipping Discount,Seller Voucher,Shopee Voucher,Total Amount,Buyer Username,Receiver Name,Phone Number,Delivery Address,City,Province,Postal Code,Payment Method,Courier,Warehouse,Cancel Reason,Return/Refund Status,Create Time,Paid Time,Ready to Ship Time,Ship Time,Delivered Time,Complete Time,Cancel Time,Note
1,2508013NWQAEEX6,Completed,Mie Instan Goreng 85 gr - Goreng,SS-SRC-0011,Goreng,3600,3300,1,0,3300,300,700,0,15000,0,0,0,36300,maya611,Maya Maulana,0833150813,"Jl. Raya Bogor No. 172, RT 11/RW 02, Kel. Cibubur",Malang,Jawa Timur,65985,Transfer Bank (BCA),JNE Reguler,Gudang Surabaya,,,2025-08-01 14:09:40,2025-08-01 15:39:40,2025-08-02 20:39:40,2025-08-03 06:39:40,2025-08-08 06:39:40,2025-08-09 06:39:40,,
2,2508013NWQAEEX6,Completed,Jus Jeruk 1 L - 1 L,SS-SRC-0004,1 L,21300,19100,1,0,19100,2200,400,0,0,0,0,0,,maya611,Maya Maulana,0833150813,"Jl. Raya Bogor No. 172, RT 11/RW 02, Kel. Cibubur",Malang,Jawa Timur,65985,Transfer Bank (BCA),JNE Reguler,Gudang Surabaya,,,2025-08-01 14:09:40,2025-08-01 15:39:40,2025-08-02 20:39:40,2025-08-03 06:39:40,2025-08-08 06:39:40,2025-08-09 06:39:40,,
3,25080171Q3VLI7K,Completed,Teh Celup 25 Bags - 25 bags,SS-SRC-0049,25 bags,12200,10850,1,0,10850,1350,1400,0,3500,4500,0,0,12950,vina.maulana,Vina Maulana,0868450095,"Jl. Raya Bogor No. 134, RT 11/RW 05, Kel. Gubeng",Depok,Jawa Barat,16927,Indomaret,SiCepat REG,Gudang Utama - Cikarang,,,2025-08-01 21:52:31,2025-08-01 22:34:31,2025-08-02 11:34:31,2025-08-03 03:34:31,2025-08-05 03:34:31,2025-08-07 03:34:31,,
4,250802YJR39IIXH,Completed,Pasta Gigi 190 gr - 190 gr,SS-SRC-0037,190 gr,17200,16550,1,0,16550,650,50,0,0,15500,0,0,41500,joko.halim,Joko Halim,0821034254,"Jl. Gatot Subroto No. 114, RT 01/RW 04, Kel. Sukun",Yogyakarta,DI Yogyakarta,55258,COD,AnterAja,Gudang Utama - Cikarang,,,2025-08-02 08:24:06,2025-08-02 10:13:06,2025-08-03 21:13:06,2025-08-04 16:13:06,2025-08-08 16:13:06,2025-08-11 16:13:06,,
5,250802YJR39IIXH,Completed,Sabun Cuci Piring 750 ml - 750 ml,SS-SRC-0044,750 ml,15800,13800,2,0,27600,4000,2600,0,0,0,0,0,,joko.halim,Joko Halim,0821034254,"Jl. Gatot Subroto No. 114, RT 01/RW 04, Kel. Sukun",Yogyakarta,DI Yogyakarta,55258,COD,AnterAja,Gudang Utama - Cikarang,,,2025-08-02 08:24:06,2025-08-02 10:13:06,2025-08-03 21:13:06,2025-08-04 16:13:06,2025-08-08 16:13:06,2025-08-11 16:13:06,,
6,250802DC9X5JZ6K,Completed,Deterjen Cair 1 L - 1 L,SS-SRC-0042,1 L,31100,27550,1,0,27550,3550,5600,4000,12000,0,9000,0,84850,dewi679,Dewi Santoso,0860228268,"Jl. Kartini No. 153, RT 10/RW 05, Kel. Tanah Abang",Makassar,Sulawesi Selatan,90800,Kartu Kredit/Debit,Ninja Xpress,Gudang Utama - Cikarang,,,2025-08-02 11:29:19,2025-08-02 12:53:19,2025-08-03 21:53:19,2025-08-04 07:53:19,2025-08-07 07:53:19,2025-08-10 07:53:19,,
7,250802DC9X5JZ6K,Completed,Sosis Ayam 500 gr - 500 gr,SS-SRC-0018,500 gr,28000,24650,3,0,73950,10050,10050,0,0,0,0,0,,dewi679,Dewi Santoso,0860228268,"Jl. Kartini No. 153, RT 10/RW 05, Kel. Tanah Abang",Makassar,Sulawesi Selatan,90800,Kartu Kredit/Debit,Ninja Xpress,Gudang Utama - Cikarang,,,2025-08-02 11:29:19,2025-08-02 12:53:19,2025-08-03 21:53:19,2025-08-04 07:53:19,2025-08-07 07:53:19,2025-08-10 07:53:19,,
8,250802VCHRM3WP8,Completed,Sabun Cuci Piring 750 ml - 750 ml,SS-SRC-0044,750 ml,15800,15200,1,0,15200,600,950,3000,18500,0,0,0,29750,user85262472,Rahmat Saputra,0830808715,"Jl. Raya Bogor No. 70, RT 03/RW 12, Kel. Sukamaju",Jakarta Barat,DKI Jakarta,11542,Transfer Bank (BRI),J&T Express,Gudang Surabaya,,,2025-08-02 20:03:16,2025-08-02 20:45:16,2025-08-03 06:45:16,2025-08-04 04:45:16,2025-08-11 04:45:16,2025-08-12 04:45:16,,
9,250802ZKI2SO19V,Completed,Pemutih Pakaian 1 L - 1 L,SS-SRC-0045,1 L,14100,12050,3,0,36150,6150,450,0,0,22000,0,0,35700,andi.permata,Andi Permata,0867825027,"Jl. Cendrawasih No. 56, RT 11/RW 08, Kel. Tanah Abang",Bekasi,Jawa Barat,17651,Kartu Kredit/Debit,AnterAja,Gudang Utama - Cikarang,,,2025-08-02 22:17:36,2025-08-02 22:27:36,2025-08-03 04:27:36,2025-08-03 21:27:36,2025-08-07 21:27:36,2025-08-08 21:27:36,,
10,250803S9YXZ7SXD,Completed,Mie Instan Kuah Ayam 75 gr - Kuah Ayam,SS-SRC-0012,Kuah Ayam,3300,3250,1,0,3250,50,550,2700,0,17500,0,0,0,umi433,Umi Ramadhan,0859423803,"Jl. Thamrin No. 112, RT 11/RW 07, Kel. Kebon Jeruk",Pontianak,Kalimantan Barat,78141,Transfer Bank (BRI),J&T Express,Gudang Utama - Cikarang,,,2025-08-03 10:28:56,2025-08-03 11:07:56,2025-08-04 04:07:56,2025-08-04 21:07:56,2025-08-08 21:07:56,2025-08-10 21:07:56,,
11,250803E5EI28DS2,Completed,Keripik Kentang Original 68 gr - Original,SS-SRC-0019,Original,11100,10100,3,0,30300,3000,4500,0,17000,0,3000,0,59600,putri569,Putri Pratama,0874929189,"Jl. Ahmad Yani No. 148, RT 06/RW 12, Kel. Jatiasih",Bandung,Jawa Barat,40853,SPayLater,J&T Express,Gudang Surabaya,,,2025-08-03 11:43:25,2025-08-03 12:39:25,2025-08-03 19:39:25,2025-08-03 22:39:25,2025-08-06 22:39:25,2025-08-07 22:39:25,,
12,250803E5EI28DS2,Completed,Deterjen Bubuk 800 gr - 800 gr,SS-SRC-0041,800 gr,24300,22900,1,0,22900,1400,3100,0,0,0,0,0,,putri569,Putri Pratama,0874929189,"Jl. Ahmad Yani No. 148, RT 06/RW 12, Kel. Jatiasih",Bandung,Jawa Barat,40853,SPayLater,J&T Express,Gudang Surabaya,,,2025-08-03 11:43:25,2025-08-03 12:39:25,2025-08-03 19:39:25,2025-08-03 22:39:25,2025-08-06 22:39:25,2025-08-07 22:39:25,,
13,250803NKQE7A5JI,Shipped,Kopi Bubuk 250 gr - 250 gr,SS-SRC-0047,250 gr,35100,32000,3,0,96000,9300,2550,0,11500,0,5500,10500,88950,umi835,Umi Nugroho,0855860921,"Jl. Cendrawasih No. 153, RT 03/RW 06, Kel. Rawa Belong",Depok,Jawa Barat,16689,Transfer Bank (BCA),JNE Reguler,Gudang Utama - Cikarang,,,2025-08-03 16:58:00,2025-08-03 17:35:00,2025-08-03 22:35:00,2025-08-04 20:35:00,,,,
14,250803FK043BLSY,Cancelled,Garam Beryodium 250 gr - 250 gr,SS-SRC-0030,250 gr,3400,2950,1,0,2950,450,400,0,24500,0,0,0,29750,hendra552,Hendra Wijaya,0871821057,"Jl. Thamrin No. 76, RT 04/RW 08, Kel. Wonokromo",Yogyakarta,DI Yogyakarta,55566,Transfer Bank (Mandiri),JNE Reguler,Gudang Surabaya,Stok habis,,2025-08-03 19:50:08,2025-08-03 20:39:08,,,,,2025-08-05 18:50:08,
15,250803FK043BLSY,Cancelled,Air Mineral 600 ml,SS-ORPHAN-0002,600 ml,4000,3450,1,0,3450,550,750,0,0,0,0,0,,hendra552,Hendra Wijaya,0871821057,"Jl. Thamrin No. 76, RT 04/RW 08, Kel. Wonokromo",Yogyakarta,DI Yogyakarta,55566,Transfer Bank (Mandiri),JNE Reguler,Gudang Surabaya,Stok habis,,2025-08-03 19:50:08,2025-08-03 20:39:08,,,,,2025-08-05 18:50:08,
16,250803OONNCILDZ,Completed,Susu UHT Cokelat 1 L - Cokelat,SS-SRC-0005,Cokelat,19200,18800,1,0,18800,400,150,0,0,17000,0,0,18650,citra928,Citra Pratama,0878901038,"Jl. Cendrawasih No. 24, RT 04/RW 08, Kel. Rawa Belong",Bekasi,Jawa Barat,17127,Alfamart,Ninja Xpress,Gudang Utama - Cikarang,,,2025-08-03 22:45:54,2025-08-03 23:46:54,2025-08-05 05:46:54,2025-08-06 01:46:54,2025-08-07 01:46:54,2025-08-07 01:46:54,,
17,2508049S9HBN5EL,Cancelled,Biskuit Marie 250 gr - 250 gr,SS-SRC-0026,250 gr,10200,8900,1,0,8900,1300,1800,0,0,12500,0,0,7100,putri349,Putri Kusuma,0874890505,"Jl. Ahmad Yani No. 199, RT 06/RW 03, Kel. Kebon Jeruk",Pekanbaru,Riau,28941,Kartu Kredit/Debit,JNE Reguler,Gudang Utama - Cikarang,Alamat pengiriman tidak lengkap,,2025-08-04 04:12:58,,,,,,2025-08-05 21:12:58,Mohon dicek expired date-nya
18,2508047WPH6FE0M,Completed,Merica Bubuk 30 gr - 30 gr,SS-SRC-0033,30 gr,9100,8000,1,0,8000,1100,450,0,0,12000,0,0,18350,tono.santoso,Tono Santoso,0832027350,"Jl. Diponegoro No. 185, RT 04/RW 11, Kel. Kuta",Medan,Sumatera Utara,20255,Transfer Bank (BRI),Ninja Xpress,Gudang Utama - Cikarang,,,2025-08-04 20:55:08,2025-08-04 22:20:08,2025-08-05 19:20:08,2025-08-06 02:20:08,2025-08-11 02:20:08,2025-08-12 02:20:08,,
19,2508047WPH6FE0M,Completed,Air Mineral 1500 ml - 1500 ml,SS-SRC-0002,1500 ml,6400,6150,2,0,12300,500,1500,0,0,0,0,0,,tono.santoso,Tono Santoso,0832027350,"Jl. Diponegoro No. 185, RT 04/RW 11, Kel. Kuta",Medan,Sumatera Utara,20255,Transfer Bank (BRI),Ninja Xpress,Gudang Utama - Cikarang,,,2025-08-04 20:55:08,2025-08-04 22:20:08,2025-08-05 19:20:08,2025-08-06 02:20:08,2025-08-11 02:20:08,2025-08-12 02:20:08,,
20,2508057X6OA3N4G,Cancelled,Susu UHT Plain 1 L - Plain,SS-SRC-0006,Plain,18100,17400,3,0,52200,2100,150,0,0,20000,4500,0,47550,umi.hidayat,Umi Hidayat,0844653043,"Jl. Kartini No. 147, RT 12/RW 11, Kel. Tanah Abang",Denpasar,Bali,80309,Indomaret,Shopee Xpress,Gudang Surabaya,Pembeli tidak membayar dalam batas waktu,,2025-08-05 10:58:53,,,,,,2025-08-05 21:58:53,Mohon dicek expired date-nya
21,250805FUU5F07B1,Completed,Susu UHT Cokelat 1 L - Cokelat,SS-SRC-0005,Cokelat,19200,18450,1,0,18450,750,900,0,19000,0,0,4500,58850,citra011,Citra Ramadhan,0898943201,"Jl. Pahlawan No. 176, RT 03/RW 09, Kel. Cikini",Bogor,Jawa Barat,16556,Indomaret,JNE Reguler,Gudang Surabaya,,,2025-08-05 21:37:46,2025-08-05 21:43:46,2025-08-06 19:43:46,2025-08-06 23:43:46,2025-08-12 23:43:46,2025-08-14 23:43:46,,
22,250805FUU5F07B1,Completed,Kecap Manis 520 ml - 520 ml,SS-SRC-0027,520 ml,17500,16150,2,0,32300,2700,5500,0,0,0,0,0,,citra011,Citra Ramadhan,0898943201,"Jl. Pahlawan No. 176, RT 03/RW 09, Kel. Cikini",Bogor,Jawa Barat,16556,Indomaret,JNE Reguler,Gudang Surabaya,,,2025-08-05 21:37:46,2025-08-05 21:43:46,2025-08-06 19:43:46,2025-08-06 23:43:46,2025-08-12 23:43:46,2025-08-14 23:43:46,,
23,250805F0ISZHRKD,Completed,Susu Kental Manis 370 gr - 370 gr,SS-SRC-0007,370 gr,11100,10500,2,0,21000,1200,1200,3500,19000,0,0,0,35300,hendra628,Hendra Kusuma,0868939010,"Jl. Sudirman No. 111, RT 03/RW 11, Kel. Menteng",Pontianak,Kalimantan Barat,78289,Indomaret,Ninja Xpress,Gudang Utama - Cikarang,,,2025-08-05 22:19:25,2025-08-06 00:04:25,2025-08-07 05:04:25,2025-08-07 10:04:25,2025-08-08 10:04:25,2025-08-10 10:04:25,,
24,250806U118QQVAE,Completed,Saus Sambal 335 ml - 335 ml,SS-SRC-0028,335 ml,13400,12150,1,0,12150,1250,2650,0,0,17500,0,0,9500,rahmat120,Rahmat Nugroho,0878892172,"Jl. Kenanga No. 148, RT 05/RW 12, Kel. Cibubur",Bandung,Jawa Barat,40486,Transfer Bank (Mandiri),SiCepat REG,Gudang Surabaya,,,2025-08-06 00:11:26,2025-08-06 01:18:26,2025-08-07 13:18:26,2025-08-07 14:18:26,2025-08-13 14:18:26,2025-08-15 14:18:26,,
25,250806FHV1XG1R1,Completed,Susu Kental Manis 370 gr - 370 gr,SS-SRC-0007,370 gr,11100,10350,2,0,20700,1500,4100,0,3500,5500,0,0,20100,rahmat523,Rahmat Saputra,0836025314,"Jl. Diponegoro No. 187, RT 11/RW 03, Kel. Sukamaju",Surabaya,Jawa Timur,60205,Kartu Kredit/Debit,Ninja Xpress,Gudang Surabaya,,,2025-08-06 12:21:14,2025-08-06 13:22:14,2025-08-07 19:22:14,2025-08-08 16:22:14,2025-08-11 16:22:14,2025-08-13 16:22:14,,Tolong dibungkus bubble wrap ya
26,2508066AXUWRIEN,Completed,Susu UHT Plain 1 L - Plain,SS-SRC-0006,Plain,18100,15850,2,0,31700,4500,6200,0,13500,8500,1500,0,37500,budi388,Budi Hidayat,0893541727,"Jl. Diponegoro No. 182, RT 03/RW 09, Kel. Jatiasih",Surabaya,Jawa Timur,60280,Transfer Bank (Mandiri),J&T Express,Gudang Utama - Cikarang,,,2025-08-06 20:44:05,2025-08-06 22:13:05,2025-08-08 04:13:05,2025-08-08 12:13:05,2025-08-14 12:13:05,2025-08-15 12:13:05,,Mohon dicek expired date-nya
27,25080741OFV14J6,Returned/Refunded,Kacang Atom 200 gr - 200 gr,SS-SRC-0024,200 gr,13000,11400,3,1,34200,4800,1350,3500,0,22000,0,0,29350,nanda.wijaya,Nanda Wijaya,0829557879,"Jl. Kenanga No. 81, RT 10/RW 06, Kel. Kebon Jeruk",Tangerang,Banten,15357,Transfer Bank (Mandiri),Shopee Xpress,Gudang Utama - Cikarang,,Refunded,2025-08-07 06:53:13,2025-08-07 07:59:13,2025-08-08 12:59:13,2025-08-09 08:59:13,2025-08-13 08:59:13,,,
28,250807SZJNVC7HR,Completed,Air Mineral 1500 ml - 1500 ml,SS-SRC-0002,1500 ml,6400,6300,3,0,18900,300,3150,0,11500,0,2500,1500,36000,fitri498,Fitri Santoso,0835718350,"Jl. Merdeka No. 147, RT 11/RW 07, Kel. Wonokromo",Jakarta Timur,DKI Jakarta,13601,Indomaret,SiCepat REG,Gudang Utama - Cikarang,,,2025-08-07 12:06:33,2025-08-07 12:41:33,2025-08-08 23:41:33,2025-08-09 01:41:33,2025-08-15 01:41:33,2025-08-15 01:41:33,,
29,250807SZJNVC7HR,Completed,Kopi Instan Sachet (10x) - 10 sachet,SS-SRC-0048,10 sachet,17500,16050,1,0,16050,1450,3300,0,0,0,0,0,,fitri498,Fitri Santoso,0835718350,"Jl. Merdeka No. 147, RT 11/RW 07, Kel. Wonokromo",Jakarta Timur,DKI Jakarta,13601,Indomaret,SiCepat REG,Gudang Utama - Cikarang,,,2025-08-07 12:06:33,2025-08-07 12:41:33,2025-08-08 23:41:33,2025-08-09 01:41:33,2025-08-15 01:41:33,2025-08-15 01:41:33,,
30,250807DWH8N92TP,Completed,Sabun Cuci Piring 750 ml - 750 ml,SS-SRC-0044,750 ml,15800,14750,4,0,59000,4200,0,0,8500,3000,0,0,67500,user23624363,Indah Kusuma,0843059986,"Jl. Kartini No. 33, RT 05/RW 10, Kel. Jatiasih",Makassar,Sulawesi Selatan,90556,Alfamart,AnterAja,Gudang Surabaya,,,2025-08-07 15:26:40,2025-08-07 15:48:40,2025-08-07 17:48:40,2025-08-07 19:48:40,2025-08-11 19:48:40,2025-08-13 19:48:40,,
31,250808F4NDRFDX8,Shipped,Teh Kotak Original 300 ml - Original,SS-SRC-0003,Original,5500,5300,5,0,26500,1000,5250,0,0,15500,0,1500,19750,user16115184,Budi Kusuma,0878645744,"Jl. Cendrawasih No. 156, RT 08/RW 02, Kel. Sukun",Depok,Jawa Barat,16926,COD,Ninja Xpress,Gudang Utama - Cikarang,,,2025-08-08 07:22:02,2025-08-08 09:12:02,2025-08-09 18:12:02,2025-08-10 16:12:02,,,,
32,250808QXC72BM2O,Completed,Minuman Isotonik 500 ml - 500 ml,SS-SRC-0008,500 ml,7300,6500,3,0,19500,2400,300,0,0,24500,500,1000,17700,maya705,Maya Kusuma,0861201714,"Jl. Merdeka No. 122, RT 01/RW 03, Kel. Sukun",Tangerang,Banten,15508,Kartu Kredit/Debit,J&T Express,Gudang Surabaya,,,2025-08-08 07:53:39,2025-08-08 09:08:39,2025-08-08 12:08:39,2025-08-08 13:08:39,2025-08-11 13:08:39,2025-08-14 13:08:39,,
33,250808LWSS1VIP3,Completed,Mie Instan Goreng 85 gr - Goreng,SS-SRC-0011,Goreng,3600,3250,2,0,6500,700,200,0,0,21000,0,0,6300,user26572053,Indah Pratama,0888642156,"Jl. Gatot Subroto No. 114, RT 03/RW 11, Kel. Tanah Abang",Bekasi,Jawa Barat,17878,Kartu Kredit/Debit,SiCepat REG,Gudang Utama - Cikarang,,,2025-08-08 17:15:53,2025-08-08 19:10:53,2025-08-09 13:10:53,2025-08-09 17:10:53,2025-08-15 17:10:53,2025-08-18 17:10:53,,
34,250808VDZC786W0,Completed,Kecap Manis 520 ml - 520 ml,SS-SRC-0027,520 ml,17500,15500,1,0,15500,2000,2450,0,0,16500,1500,1500,10050,maya412,Maya Ramadhan,0884751326,"Jl. Raya Bogor No. 76, RT 02/RW 06, Kel. Rawa Belong",Bogor,Jawa Barat,16705,Transfer Bank (BCA),Ninja Xpress,Gudang Utama - Cikarang,,,2025-08-08 19:04:08,2025-08-08 20:20:08,2025-08-09 21:20:08,2025-08-10 19:20:08,2025-08-16 19:20:08,2025-08-19 19:20:08,,Tolong dibungkus bubble wrap ya
35,250811VZB0OIH5C,Completed,Sabun Batang 85 gr - 85 gr,SS-SRC-0039,85 gr,4600,4400,1,0,4400,200,750,0,18500,0,0,0,28450,wahyu.ramadhan,Wahyu Ramadhan,0812099943,"Jl. Gatot Subroto No. 18, RT 02/RW 10, Kel. Menteng",Bogor,Jawa Barat,16557,Kartu Kredit/Debit,J&T Express,Gudang Surabaya,,,2025-08-11 09:12:59,2025-08-11 10:37:59,2025-08-12 21:37:59,2025-08-13 05:37:59,2025-08-17 05:37:59,2025-08-19 05:37:59,,
36,250811VZB0OIH5C,Completed,Air Mineral 600 ml - 600 ml,SS-SRC-0001,600 ml,3800,3600,2,0,7200,400,900,0,0,0,0,0,,wahyu.ramadhan,Wahyu Ramadhan,0812099943,"Jl. Gatot Subroto No. 18, RT 02/RW 10, Kel. Menteng",Bogor,Jawa Barat,16557,Kartu Kredit/Debit,J&T Express,Gudang Surabaya,,,2025-08-11 09:12:59,2025-08-11 10:37:59,2025-08-12 21:37:59,2025-08-13 05:37:59,2025-08-17 05:37:59,2025-08-19 05:37:59,,
37,250811NV9IBWGT2,Completed,Kecap Manis 520 ml - 520 ml,SS-SRC-0027,520 ml,17500,17350,1,0,17350,150,2800,0,10000,6500,0,0,24550,user18774822,Umi Ramadhan,0825903904,"Jl. Thamrin No. 49, RT 04/RW 09, Kel. Jatiasih",Bekasi,Jawa Barat,17811,Transfer Bank (BCA),AnterAja,Gudang Surabaya,,,2025-08-11 13:23:42,2025-08-11 13:34:42,2025-08-12 21:34:42,2025-08-13 19:34:42,2025-08-18 19:34:42,2025-08-18 19:34:42,,
38,250812PQKBE0TOG,Completed,Air Mineral 1500 ml - 1500 ml,SS-SRC-0002,1500 ml,6400,6300,2,0,12600,200,400,0,0,23000,0,1500,10700,umi436,Umi Saputra,0855293348,"Jl. Merdeka No. 139, RT 05/RW 03, Kel. Tanah Abang",Semarang,Jawa Tengah,50465,Alfamart,JNE Reguler,Gudang Surabaya,,,2025-08-12 05:55:31,2025-08-12 06:54:31,2025-08-12 23:54:31,2025-08-13 23:54:31,2025-08-20 23:54:31,2025-08-23 23:54:31,,
39,250812MHK403UXH,Returned/Refunded,Pemutih Pakaian 1 L - 1 L,SS-SRC-0045,1 L,14100,14100,5,5,70500,0,10750,0,0,10500,0,0,59750,putri727,Putri Santoso,0885276619,"Jl. Melati No. 127, RT 02/RW 12, Kel. Cikini",Palembang,Sumatera Selatan,30226,Transfer Bank (BCA),JNE Reguler,Gudang Utama - Cikarang,,Refunded,2025-08-12 09:29:27,2025-08-12 10:33:27,2025-08-12 18:33:27,2025-08-13 05:33:27,2025-08-14 05:33:27,,,
40,250812YKID91ZDF,Ready to Ship,Gula Pasir 1 kg - 1 kg,SS-SRC-0031,1 kg,15600,15550,1,0,15550,50,1000,2500,0,12500,0,4000,23850,wahyu325,Wahyu Kusuma,0894127561,"Jl. Kenanga No. 10, RT 10/RW 02, Kel. Sukamaju",Palembang,Sumatera Selatan,30746,Transfer Bank (Mandiri),AnterAja,Gudang Surabaya,,,2025-08-12 23:21:39,2025-08-13 01:03:39,2025-08-13 14:03:39,,,,,
41,250812YKID91ZDF,Ready to Ship,Pembersih Lantai 800 ml - 800 ml,SS-SRC-0043,800 ml,18400,17400,1,0,17400,1000,1600,0,0,0,0,0,,wahyu325,Wahyu Kusuma,0894127561,"Jl. Kenanga No. 10, RT 10/RW 02, Kel. Sukamaju",Palembang,Sumatera Selatan,30746,Transfer Bank (Mandiri),AnterAja,Gudang Surabaya,,,2025-08-12 23:21:39,2025-08-13 01:03:39,2025-08-13 14:03:39,,,,,
42,250814RYZX70IB3,Completed,Air Mineral 600 ml - 600 ml,SS-SRC-0001,600 ml,3800,3400,2,0,6800,800,1100,0,0,24500,500,0,5200,user31791910,Dewi Ramadhan,0836068867,"Jl. Ahmad Yani No. 198, RT 12/RW 06, Kel. Sukun",Denpasar,Bali,80826,Transfer Bank (BCA),SiCepat REG,Gudang Surabaya,,,2025-08-14 18:37:04,2025-08-14 18:56:04,2025-08-15 12:56:04,2025-08-15 20:56:04,2025-08-20 20:56:04,2025-08-21 20:56:04,,
43,250814RDEKY820I,Ready to Ship,Kopi Instan Sachet (10x) - 10 sachet,SS-SRC-0048,10 sachet,17500,17100,1,0,17100,400,1150,3500,0,8000,0,0,12450,nanda130,Nanda Permata,0870914632,"Jl. Sudirman No. 184, RT 12/RW 02, Kel. Cibubur",Semarang,Jawa Tengah,50542,Alfamart,Ninja Xpress,Gudang Utama - Cikarang,,,2025-08-14 20:23:13,2025-08-14 21:04:13,2025-08-15 01:04:13,,,,,
44,2508156TJ9XPF0A,Cancelled,Susu UHT Cokelat 1 L - Cokelat,SS-SRC-0005,Cokelat,19200,17150,3,0,51450,6150,1200,4000,0,21500,0,0,46250,putri673,Putri Santoso,0843572518,"Jl. Melati No. 102, RT 06/RW 05, Kel. Rawa Belong",Bogor,Jawa Barat,16538,Transfer Bank (BRI),Shopee Xpress,Gudang Utama - Cikarang,Alamat pengiriman tidak lengkap,,2025-08-15 07:32:57,,,,,,2025-08-16 14:32:57,
45,250815FKC781HFL,Completed,Saus Sambal 335 ml - 335 ml,SS-SRC-0028,335 ml,13400,12000,2,0,24000,2800,2200,0,8500,8500,0,4500,43650,maya146,Maya Setiawan,0891146225,"Jl. Merdeka No. 168, RT 06/RW 10, Kel. Kuta",Bekasi,Jawa Barat,17261,Transfer Bank (BRI),Ninja Xpress,Gudang Utama - Cikarang,,,2025-08-15 12:10:10,2025-08-15 12:20:10,2025-08-16 11:20:10,2025-08-17 09:20:10,2025-08-20 09:20:10,2025-08-20 09:20:10,,"Jangan pakai plastik, pakai kardus"
46,250815FKC781HFL,Completed,Air Mineral 600 ml - 600 ml,SS-SRC-0001,600 ml,3800,3550,1,0,3550,250,550,0,0,0,0,0,,maya146,Maya Setiawan,0891146225,"Jl. Merdeka No. 168, RT 06/RW 10, Kel. Kuta",Bekasi,Jawa Barat,17261,Transfer Bank (BRI),Ninja Xpress,Gudang Utama - Cikarang,,,2025-08-15 12:10:10,2025-08-15 12:20:10,2025-08-16 11:20:10,2025-08-17 09:20:10,2025-08-20 09:20:10,2025-08-20 09:20:10,,"Jangan pakai plastik, pakai kardus"
47,250815FKC781HFL,Completed,Susu UHT Cokelat 1 L - Cokelat,SS-SRC-0005,Cokelat,19200,18000,1,0,18000,1200,3150,0,0,0,0,0,,maya146,Maya Setiawan,0891146225,"Jl. Merdeka No. 168, RT 06/RW 10, Kel. Kuta",Bekasi,Jawa Barat,17261,Transfer Bank (BRI),Ninja Xpress,Gudang Utama - Cikarang,,,2025-08-15 12:10:10,2025-08-15 12:20:10,2025-08-16 11:20:10,2025-08-17 09:20:10,2025-08-20 09:20:10,2025-08-20 09:20:10,,"Jangan pakai plastik, pakai kardus"
48,250816JZ6N58YUX,Completed,Susu UHT Plain 1 L - Plain,SS-SRC-0006,Plain,18100,16150,1,0,16150,1950,100,0,0,10500,0,0,16050,citra.halim,Citra Halim,0860689240,"Jl. Cendrawasih No. 54, RT 04/RW 06, Kel. Rawa Belong",Depok,Jawa Barat,16514,Kartu Kredit/Debit,SiCepat REG,Gudang Surabaya,,,2025-08-16 13:28:38,2025-08-16 15:01:38,2025-08-17 21:01:38,2025-08-18 11:01:38,2025-08-19 11:01:38,2025-08-22 11:01:38,,"Jangan pakai plastik, pakai kardus"
49,250816RAJIAA67M,Completed,Saus Sambal 335 ml - 335 ml,SS-SRC-0028,335 ml,13400,12100,1,0,12100,1300,1100,0,0,20500,1000,0,10000,oka.saputra,Oka Saputra,0878715354,"Jl. Raya Bogor No. 60, RT 04/RW 07, Kel. Tanah Abang",Bogor,Jawa Barat,16879,ShopeePay,J&T Express,Gudang Utama - Cikarang,,,2025-08-16 16:04:32,2025-08-16 16:49:32,2025-08-17 10:49:32,2025-08-17 16:49:32,2025-08-18 16:49:32,2025-08-20 16:49:32,,
50,250816UDQDDAQJR,Completed,Teh Celup 25 Bags - 25 bags,SS-SRC-0049,25 bags,12200,11550,2,0,23100,1300,600,0,0,11500,0,1500,21000,umi410,Umi Kusuma,0835226688,"Jl. Ahmad Yani No. 109, RT 03/RW 11, Kel. Tanah Abang",Jakarta Barat,DKI Jakarta,11990,COD,Shopee Xpress,Gudang Surabaya,,,2025-08-16 22:14:58,2025-08-16 22:34:58,2025-08-18 01:34:58,2025-08-18 18:34:58,2025-08-22 18:34:58,2025-08-24 18:34:58,,
51,250818Q2ZDO74V1,Completed,Susu UHT Cokelat 1 L - Cokelat,SS-SRC-0005,Cokelat,19200,17300,1,0,17300,1900,3650,0,23000,0,0,1000,35650,yuni.permata,Yuni Permata,0824356130,"Jl. Pahlawan No. 51, RT 04/RW 02, Kel. Jatiasih",Bandung,Jawa Barat,40320,Transfer Bank (BCA),JNE Reguler,Gudang Utama - Cikarang,,,2025-08-18 19:02:57,2025-08-18 19:09:57,2025-08-20 00:09:57,2025-08-20 19:09:57,2025-08-24 19:09:57,2025-08-25 19:09:57,,
52,250820EET0DY571,Cancelled,Sabun Cair 450 ml - 450 ml,SS-SRC-0035,450 ml,27300,24650,2,0,49300,5300,4100,1000,17000,0,0,0,126900,user53822194,Andi Pratama,0861471131,"Jl. Gatot Subroto No. 185, RT 05/RW 11, Kel. Cibubur",Bandung,Jawa Barat,40786,Transfer Bank (Mandiri),J&T Express,Gudang Surabaya,Seller tidak dapat memenuhi pesanan,,2025-08-20 11:10:48,2025-08-20 11:25:48,,,,,2025-08-22 11:10:48,Tolong dibungkus bubble wrap ya
53,250820EET0DY571,Cancelled,Jus Jeruk 1 L - 1 L,SS-SRC-0004,1 L,21300,18950,2,0,37900,4700,3300,0,0,0,0,0,,user53822194,Andi Pratama,0861471131,"Jl. Gatot Subroto No. 185, RT 05/RW 11, Kel. Cibubur",Bandung,Jawa Barat,40786,Transfer Bank (Mandiri),J&T Express,Gudang Surabaya,Seller tidak dapat memenuhi pesanan,,2025-08-20 11:10:48,2025-08-20 11:25:48,,,,,2025-08-22 11:10:48,Tolong dibungkus bubble wrap ya
54,250820EET0DY571,Cancelled,Kopi Susu Sachet (10x) - 10 sachet,SS-SRC-0050,10 sachet,20900,19150,2,0,38300,3500,7200,0,0,0,0,0,,user53822194,Andi Pratama,0861471131,"Jl. Gatot Subroto No. 185, RT 05/RW 11, Kel. Cibubur",Bandung,Jawa Barat,40786,Transfer Bank (Mandiri),J&T Express,Gudang Surabaya,Seller tidak dapat memenuhi pesanan,,2025-08-20 11:10:48,2025-08-20 11:25:48,,,,,2025-08-22 11:10:48,Tolong dibungkus bubble wrap ya
55,250820YJWDCOKZ5,Completed,Saus Sambal 335 ml - 335 ml,SS-SRC-0028,335 ml,13400,12050,2,0,24100,2700,1400,0,15500,0,0,0,38200,umi828,Umi Ramadhan,0858518736,"Jl. Melati No. 55, RT 01/RW 04, Kel. Menteng",Denpasar,Bali,80876,ShopeePay,Shopee Xpress,Gudang Surabaya,,,2025-08-20 22:09:40,2025-08-20 23:46:40,2025-08-21 20:46:40,2025-08-22 02:46:40,2025-08-24 02:46:40,2025-08-26 02:46:40,,
56,2508226OM1FB8C7,Completed,Susu Kedelai 250 ml - 250 ml,SS-SRC-0009,250 ml,5900,5250,2,0,10500,1300,500,0,10500,0,500,0,20000,yuni358,Yuni Maulana,0885227370,"Jl. Ahmad Yani No. 32, RT 10/RW 11, Kel. Sukun",Bandung,Jawa Barat,40488,COD,SiCepat REG,Gudang Surabaya,,,2025-08-22 10:19:49,2025-08-22 11:54:49,2025-08-23 04:54:49,2025-08-23 12:54:49,2025-08-24 12:54:49,2025-08-25 12:54:49,,"Sudah langganan, tolong bonus sachet"
57,250823R7TXCB48Y,Returned/Refunded,Sarden Kaleng 155 gr - 155 gr,SS-SRC-0015,155 gr,12100,11350,3,3,34050,2250,6150,0,11000,0,0,0,50400,zaki.saputra,Zaki Saputra,0871851421,"Jl. Raya Bogor No. 91, RT 03/RW 03, Kel. Kuta",Depok,Jawa Barat,16659,Alfamart,Ninja Xpress,Gudang Surabaya,,Refunded,2025-08-23 11:35:41,2025-08-23 12:46:41,2025-08-24 16:46:41,2025-08-24 17:46:41,2025-08-25 17:46:41,,,"Sudah langganan, tolong bonus sachet"
58,250823R7TXCB48Y,Returned/Refunded,Sabun Batang 85 gr - 85 gr,SS-SRC-0039,85 gr,4600,4100,1,0,4100,500,0,0,0,0,0,0,,zaki.saputra,Zaki Saputra,0871851421,"Jl. Raya Bogor No. 91, RT 03/RW 03, Kel. Kuta",Depok,Jawa Barat,16659,Alfamart,Ninja Xpress,Gudang Surabaya,,,2025-08-23 11:35:41,2025-08-23 12:46:41,2025-08-24 16:46:41,2025-08-24 17:46:41,2025-08-25 17:46:41,,,"Sudah langganan, tolong bonus sachet"
59,250823R7TXCB48Y,Returned/Refunded,Kerupuk Udang 200 gr - 200 gr,SS-SRC-0025,200 gr,9000,8500,1,0,8500,500,1100,0,0,0,0,0,,zaki.saputra,Zaki Saputra,0871851421,"Jl. Raya Bogor No. 91, RT 03/RW 03, Kel. Kuta",Depok,Jawa Barat,16659,Alfamart,Ninja Xpress,Gudang Surabaya,,,2025-08-23 11:35:41,2025-08-23 12:46:41,2025-08-24 16:46:41,2025-08-24 17:46:41,2025-08-25 17:46:41,,,"Sudah langganan, tolong bonus sachet"
60,2508231S2OFHBAW,Completed,Susu UHT Plain 1 L - Plain,SS-SRC-0006,Plain,18100,16850,2,0,33700,2500,2500,0,0,11000,5000,5500,35950,sari.nugroho,Sari Nugroho,0818958209,"Jl. Melati No. 106, RT 09/RW 02, Kel. Rawa Belong",Tangerang,Banten,15178,Transfer Bank (BRI),Shopee Xpress,Gudang Utama - Cikarang,,,2025-08-23 13:02:15,2025-08-23 14:38:15,2025-08-24 21:38:15,2025-08-25 13:38:15,2025-08-29 13:38:15,2025-08-29 13:38:15,,
61,2508231S2OFHBAW,Completed,Sabun Cuci Piring 750 ml - 750 ml,SS-SRC-0044,750 ml,15800,15350,1,0,15350,450,100,0,0,0,0,0,,sari.nugroho,Sari Nugroho,0818958209,"Jl. Melati No. 106, RT 09/RW 02, Kel. Rawa Belong",Tangerang,Banten,15178,Transfer Bank (BRI),Shopee Xpress,Gudang Utama - Cikarang,,,2025-08-23 13:02:15,2025-08-23 14:38:15,2025-08-24 21:38:15,2025-08-25 13:38:15,2025-08-29 13:38:15,2025-08-29 13:38:15,,
62,250823GL2MCXN2E,Completed,Susu Kental Manis 370 gr - 370 gr,SS-SRC-0007,370 gr,11100,11100,1,0,11100,0,750,0,21500,0,0,0,31850,budi420,Budi Kusuma,0849389352,"Jl. Kartini No. 136, RT 06/RW 07, Kel. Menteng",Pontianak,Kalimantan Barat,78217,Alfamart,AnterAja,Gudang Surabaya,,,2025-08-23 13:40:52,2025-08-23 14:52:52,2025-08-23 20:52:52,2025-08-24 09:52:52,2025-08-27 09:52:52,2025-08-28 09:52:52,,
63,250825127MY89SF,Completed,Air Mineral 1500 ml - 1500 ml,SS-SRC-0002,1500 ml,6400,6300,1,0,6300,100,650,0,13000,0,0,0,62200,umi859,Umi Ramadhan,0867002833,"Jl. Ahmad Yani No. 196, RT 12/RW 10, Kel. Gubeng",Palembang,Sumatera Selatan,30379,ShopeePay,J&T Express,Gudang Surabaya,,,2025-08-25 07:59:57,2025-08-25 08:41:57,2025-08-25 19:41:57,2025-08-26 05:41:57,2025-08-31 05:41:57,2025-08-31 05:41:57,,
64,250825127MY89SF,Completed,Teh Celup 25 Bags - 25 bags,SS-SRC-0049,25 bags,12200,10500,1,0,10500,1700,50,0,0,0,0,0,,umi859,Umi Ramadhan,0867002833,"Jl. Ahmad Yani No. 196, RT 12/RW 10, Kel. Gubeng",Palembang,Sumatera Selatan,30379,ShopeePay,J&T Express,Gudang Surabaya,,,2025-08-25 07:59:57,2025-08-25 08:41:57,2025-08-25 19:41:57,2025-08-26 05:41:57,2025-08-31 05:41:57,2025-08-31 05:41:57,,
65,250825127MY89SF,Completed,Kornet Sapi Kaleng 198 gr - 198 gr,SS-SRC-0016,198 gr,21300,18650,2,0,37300,5300,4200,0,0,0,0,0,,umi859,Umi Ramadhan,0867002833,"Jl. Ahmad Yani No. 196, RT 12/RW 10, Kel. Gubeng",Palembang,Sumatera Selatan,30379,ShopeePay,J&T Express,Gudang Surabaya,,,2025-08-25 07:59:57,2025-08-25 08:41:57,2025-08-25 19:41:57,2025-08-26 05:41:57,2025-08-31 05:41:57,2025-08-31 05:41:57,,
66,250825P9OCIILDY,Completed,Mie Instan Kuah Ayam 75 gr - Kuah Ayam,SS-SRC-0012,Kuah Ayam,3300,3250,3,0,9750,150,300,0,11500,0,0,1500,30450,tono376,Tono Santoso,0856825449,"Jl. Merdeka No. 196, RT 11/RW 06, Kel. Jatiasih",Balikpapan,Kalimantan Timur,76199,Indomaret,AnterAja,Gudang Surabaya,,,2025-08-25 13:43:22,2025-08-25 15:13:22,2025-08-26 23:13:22,2025-08-27 18:13:22,2025-08-28 18:13:22,2025-08-30 18:13:22,,
67,250825P9OCIILDY,Completed,Air Mineral 1500 ml - 1500 ml,SS-SRC-0002,1500 ml,6400,6350,2,0,12700,100,1700,0,0,0,0,0,,tono376,Tono Santoso,0856825449,"Jl. Merdeka No. 196, RT 11/RW 06, Kel. Jatiasih",Balikpapan,Kalimantan Timur,76199,Indomaret,AnterAja,Gudang Surabaya,,,2025-08-25 13:43:22,2025-08-25 15:13:22,2025-08-26 23:13:22,2025-08-27 18:13:22,2025-08-28 18:13:22,2025-08-30 18:13:22,,
68,2508269BOBCD11R,Shipped,Saus Sambal 335 ml - 335 ml,SS-SRC-0028,335 ml,13400,11400,5,0,57000,10000,1250,0,0,12000,2500,0,65250,gita.hidayat,Gita Hidayat,0894674420,"Jl. Melati No. 56, RT 03/RW 07, Kel. Wonokromo",Tangerang,Banten,15430,COD,Shopee Xpress,Gudang Utama - Cikarang,,,2025-08-26 16:46:56,2025-08-26 17:13:56,2025-08-26 20:13:56,2025-08-26 21:13:56,,,,
69,2508269BOBCD11R,Shipped,Garam Beryodium 250 gr - 250 gr,SS-SRC-0030,250 gr,3400,2950,5,0,14750,2250,2750,0,0,0,0,0,,gita.hidayat,Gita Hidayat,0894674420,"Jl. Melati No. 56, RT 03/RW 07, Kel. Wonokromo",Tangerang,Banten,15430,COD,Shopee Xpress,Gudang Utama - Cikarang,,,2025-08-26 16:46:56,2025-08-26 17:13:56,2025-08-26 20:13:56,2025-08-26 21:13:56,,,,
70,250826S75ELTFEB,Completed,Deterjen Bubuk 800 gr - 800 gr,SS-SRC-0041,800 gr,24300,21100,1,0,21100,3200,4050,0,0,11000,0,0,23150,rahmat405,Rahmat Halim,0859781518,"Jl. Kenanga No. 11, RT 10/RW 03, Kel. Tanah Abang",Bekasi,Jawa Barat,17273,Transfer Bank (BRI),AnterAja,Gudang Surabaya,,,2025-08-26 18:51:38,2025-08-26 19:47:38,2025-08-27 07:47:38,2025-08-27 18:47:38,2025-09-02 18:47:38,2025-09-05 18:47:38,,
71,250826S75ELTFEB,Completed,Air Mineral 600 ml - 600 ml,SS-SRC-0001,600 ml,3800,3250,2,0,6500,1100,400,0,0,0,0,0,,rahmat405,Rahmat Halim,0859781518,"Jl. Kenanga No. 11, RT 10/RW 03, Kel. Tanah Abang",Bekasi,Jawa Barat,17273,Transfer Bank (BRI),AnterAja,Gudang Surabaya,,,2025-08-26 18:51:38,2025-08-26 19:47:38,2025-08-27 07:47:38,2025-08-27 18:47:38,2025-09-02 18:47:38,2025-09-05 18:47:38,,
72,250826580YIR02M,Completed,Mie Instan Goreng 85 gr - Goreng,SS-SRC-0011,Goreng,3600,3100,4,0,12400,2000,1400,0,16000,0,2500,0,38500,user79110587,Wahyu Saputra,0865448912,"Jl. Merdeka No. 164, RT 06/RW 01, Kel. Wonokromo",Tangerang,Banten,15468,Indomaret,SiCepat REG,Gudang Utama - Cikarang,,,2025-08-26 21:17:44,2025-08-26 23:09:44,2025-08-28 10:09:44,2025-08-29 05:09:44,2025-09-05 05:09:44,2025-09-05 05:09:44,,
73,250826580YIR02M,Completed,Permen Mint 125 gr - 125 gr,SS-SRC-0023,125 gr,8000,7150,2,0,14300,1700,300,0,0,0,0,0,,user79110587,Wahyu Saputra,0865448912,"Jl. Merdeka No. 164, RT 06/RW 01, Kel. Wonokromo",Tangerang,Banten,15468,Indomaret,SiCepat REG,Gudang Utama - Cikarang,,,2025-08-26 21:17:44,2025-08-26 23:09:44,2025-08-28 10:09:44,2025-08-29 05:09:44,2025-09-05 05:09:44,2025-09-05 05:09:44,,
74,250826AZ0ZNZ3T1,Shipped,Sabun Cair 450 ml - 450 ml,SS-SRC-0035,450 ml,27300,25850,2,0,51700,2900,9100,0,7500,8000,0,0,70500,tono.kusuma,Tono Kusuma,0882614177,"Jl. Diponegoro No. 170, RT 08/RW 03, Kel. Kuta",Semarang,Jawa Tengah,50791,Kartu Kredit/Debit,SiCepat REG,Gudang Utama - Cikarang,,,2025-08-26 22:07:29,2025-08-26 23:33:29,2025-08-28 04:33:29,2025-08-29 01:33:29,,,,
75,250826AZ0ZNZ3T1,Shipped,Sarden Kaleng 155 gr - 155 gr,SS-SRC-0015,155 gr,12100,11300,1,0,11300,800,750,0,0,0,0,0,,tono.kusuma,Tono Kusuma,0882614177,"Jl. Diponegoro No. 170, RT 08/RW 03, Kel. Kuta",Semarang,Jawa Tengah,50791,Kartu Kredit/Debit,SiCepat REG,Gudang Utama - Cikarang,,,2025-08-26 22:07:29,2025-08-26 23:33:29,2025-08-28 04:33:29,2025-08-29 01:33:29,,,,
76,250826AZ0ZNZ3T1,Shipped,Saus Tomat 335 ml - 335 ml,SS-SRC-0029,335 ml,13600,12450,1,0,12450,1150,2600,0,0,0,0,0,,tono.kusuma,Tono Kusuma,0882614177,"Jl. Diponegoro No. 170, RT 08/RW 03, Kel. Kuta",Semarang,Jawa Tengah,50791,Kartu Kredit/Debit,SiCepat REG,Gudang Utama - Cikarang,,,2025-08-26 22:07:29,2025-08-26 23:33:29,2025-08-28 04:33:29,2025-08-29 01:33:29,,,,
77,250827OFE2J5ZKO,Returned/Refunded,Wafer Cokelat 145 gr - 145 gr,SS-SRC-0021,145 gr,9100,8400,1,1,8400,700,1050,0,0,11000,0,1000,6350,fitri554,Fitri Wijaya,0861093299,"Jl. Merdeka No. 191, RT 09/RW 08, Kel. Kebon Jeruk",Balikpapan,Kalimantan Timur,76770,COD,Shopee Xpress,Gudang Surabaya,,Refunded,2025-08-27 07:48:49,2025-08-27 08:47:49,2025-08-28 02:47:49,2025-08-28 12:47:49,2025-08-30 12:47:49,,,
78,250827ONRWZC4XL,Cancelled,Teh Kotak Original 300 ml - Original,SS-SRC-0003,Original,5500,4700,5,0,23500,4000,5000,0,13000,0,6500,0,63400,oka714,Oka Halim,0840314047,"Jl. Kartini No. 21, RT 11/RW 11, Kel. Menteng",Semarang,Jawa Tengah,50195,Alfamart,SiCepat REG,Gudang Utama - Cikarang,Alamat pengiriman tidak lengkap,,2025-08-27 11:22:17,,,,,,2025-08-27 23:22:17,
79,250827ONRWZC4XL,Cancelled,Teh Celup 25 Bags - 25 bags,SS-SRC-0049,25 bags,12200,11800,4,0,47200,1600,8800,0,0,0,0,0,,oka714,Oka Halim,0840314047,"Jl. Kartini No. 21, RT 11/RW 11, Kel. Menteng",Semarang,Jawa Tengah,50195,Alfamart,SiCepat REG,Gudang Utama - Cikarang,Alamat pengiriman tidak lengkap,,2025-08-27 11:22:17,,,,,,2025-08-27 23:22:17,
80,250827H07JR8MTK,Completed,Kopi Bubuk 250 gr - 250 gr,SS-SRC-0047,250 gr,35100,32500,2,0,65000,5200,7200,0,22000,0,0,0,86650,andi525,Andi Kusuma,0830447536,"Jl. Diponegoro No. 30, RT 04/RW 01, Kel. Rawa Belong",Tangerang,Banten,15241,Transfer Bank (BRI),JNE Reguler,Gudang Utama - Cikarang,,,2025-08-27 16:10:33,2025-08-27 17:49:33,2025-08-28 14:49:33,2025-08-28 20:49:33,2025-09-04 20:49:33,2025-09-05 20:49:33,,
81,250827H07JR8MTK,Completed,Minuman Isotonik 500 ml - 500 ml,SS-SRC-0008,500 ml,7300,7100,1,0,7100,200,250,0,0,0,0,0,,andi525,Andi Kusuma,0830447536,"Jl. Diponegoro No. 30, RT 04/RW 01, Kel. Rawa Belong",Tangerang,Banten,15241,Transfer Bank (BRI),JNE Reguler,Gudang Utama - Cikarang,,,2025-08-27 16:10:33,2025-08-27 17:49:33,2025-08-28 14:49:33,2025-08-28 20:49:33,2025-09-04 20:49:33,2025-09-05 20:49:33,,
82,250827NN8ZTV05X,Cancelled,Sabun Cair 450 ml - 450 ml,SS-SRC-0035,450 ml,27300,24800,3,0,74400,7500,15450,0,0,9500,0,0,58950,vina047,Vina Ramadhan,0814994527,"Jl. Melati No. 30, RT 02/RW 04, Kel. Sukun",Semarang,Jawa Tengah,50238,Transfer Bank (BRI),Shopee Xpress,Gudang Surabaya,Alamat pengiriman tidak lengkap,,2025-08-27 18:40:52,,,,,,2025-08-29 05:40:52,
83,250828K7YBZGAZN,Cancelled,Teh Kotak Original 300 ml - Original,SS-SRC-0003,Original,5500,4850,1,0,4850,650,1050,0,14000,0,0,0,41450,dewi.maulana,Dewi Maulana,0862063088,"Jl. Pahlawan No. 176, RT 01/RW 03, Kel. Rawa Belong",Jakarta Timur,DKI Jakarta,13924,Alfamart,SiCepat REG,Gudang Surabaya,Pembeli mengajukan pembatalan,,2025-08-28 12:01:42,,,,,,2025-08-30 09:01:42,
84,250828K7YBZGAZN,Cancelled,Mie Instan Goreng 85 gr - Goreng,SS-SRC-0011,Goreng,3600,3550,2,0,7100,100,300,0,0,0,0,0,,dewi.maulana,Dewi Maulana,0862063088,"Jl. Pahlawan No. 176, RT 01/RW 03, Kel. Rawa Belong",Jakarta Timur,DKI Jakarta,13924,Alfamart,SiCepat REG,Gudang Surabaya,Pembeli mengajukan pembatalan,,2025-08-28 12:01:42,,,,,,2025-08-30 09:01:42,
85,250828K7YBZGAZN,Cancelled,Kopi Instan Sachet (10x) - 10 sachet,SS-SRC-0048,10 sachet,17500,17300,1,0,17300,200,450,0,0,0,0,0,,dewi.maulana,Dewi Maulana,0862063088,"Jl. Pahlawan No. 176, RT 01/RW 03, Kel. Rawa Belong",Jakarta Timur,DKI Jakarta,13924,Alfamart,SiCepat REG,Gudang Surabaya,Pembeli mengajukan pembatalan,,2025-08-28 12:01:42,,,,,,2025-08-30 09:01:42,
86,2508281KDK2YWFM,Shipped,Biskuit Cokelat 300 gr - 300 gr,SS-SRC-0020,300 gr,14800,13300,1,0,13300,1500,2900,0,0,21500,0,1500,8900,kartika677,Kartika Hidayat,0834003188,"Jl. Kartini No. 171, RT 05/RW 09, Kel. Kebon Jeruk",Medan,Sumatera Utara,20253,Transfer Bank (BCA),AnterAja,Gudang Surabaya,,,2025-08-28 19:02:18,2025-08-28 19:05:18,2025-08-29 09:05:18,2025-08-30 08:05:18,,,,
87,250828R0XAFGOVC,Completed,Pasta Gigi 190 gr - 190 gr,SS-SRC-0037,190 gr,17200,16550,1,0,16550,650,3150,0,0,8500,0,0,13400,nanda491,Nanda Setiawan,0822575001,"Jl. Thamrin No. 118, RT 03/RW 03, Kel. Sukamaju",Palembang,Sumatera Selatan,30683,Indomaret,Shopee Xpress,Gudang Utama - Cikarang,,,2025-08-28 21:25:09,2025-08-28 23:09:09,2025-08-29 01:09:09,2025-08-29 21:09:09,2025-08-30 21:09:09,2025-09-02 21:09:09,,
88,250829H78OKZ1PO,Completed,Kopi Bubuk 250 gr - 250 gr,SS-SRC-0047,250 gr,35100,32250,2,0,64500,5700,2100,0,0,11000,0,15500,146050,tono700,Tono Ramadhan,0833188838,"Jl. Sudirman No. 5, RT 10/RW 02, Kel. Menteng",Palembang,Sumatera Selatan,30368,SPayLater,SiCepat REG,Gudang Surabaya,,,2025-08-29 06:56:00,2025-08-29 08:45:00,2025-08-30 01:45:00,2025-08-30 03:45:00,2025-09-01 03:45:00,2025-09-01 03:45:00,,
89,250829H78OKZ1PO,Completed,Susu UHT Cokelat 1 L - Cokelat,SS-SRC-0005,Cokelat,19200,18950,1,0,18950,250,3550,0,0,0,0,0,,tono700,Tono Ramadhan,0833188838,"Jl. Sudirman No. 5, RT 10/RW 02, Kel. Menteng",Palembang,Sumatera Selatan,30368,SPayLater,SiCepat REG,Gudang Surabaya,,,2025-08-29 06:56:00,2025-08-29 08:45:00,2025-08-30 01:45:00,2025-08-30 03:45:00,2025-09-01 03:45:00,2025-09-01 03:45:00,,
90,250829H78OKZ1PO,Completed,Pembersih Lantai 800 ml - 800 ml,SS-SRC-0043,800 ml,18400,17950,5,0,89750,2250,6000,0,0,0,0,0,,tono700,Tono Ramadhan,0833188838,"Jl. Sudirman No. 5, RT 10/RW 02, Kel. Menteng",Palembang,Sumatera Selatan,30368,SPayLater,SiCepat REG,Gudang Surabaya,,,2025-08-29 06:56:00,2025-08-29 08:45:00,2025-08-30 01:45:00,2025-08-30 03:45:00,2025-09-01 03:45:00,2025-09-01 03:45:00,,
91,250829GPYNYJ0UF,Completed,Gula Pasir 1 kg - 1 kg,SS-SRC-0031,1 kg,15600,13750,1,0,13750,1850,600,0,0,13500,500,0,12650,joko205,Joko Halim,0839149156,"Jl. Kenanga No. 41, RT 11/RW 07, Kel. Sukun",Yogyakarta,DI Yogyakarta,55542,Indomaret,SiCepat REG,Gudang Surabaya,,,2025-08-29 10:09:30,2025-08-29 11:44:30,2025-08-29 21:44:30,2025-08-30 13:44:30,2025-09-02 13:44:30,2025-09-02 13:44:30,,
92,250830V56ONXD70,Ready to Ship,Mie Instan Kuah Ayam 75 gr - Kuah Ayam,SS-SRC-0012,Kuah Ayam,3300,3250,1,0,3250,50,500,0,0,24000,0,0,2750,indah.saputra,Indah Saputra,0896475652,"Jl. Raya Bogor No. 125, RT 01/RW 01, Kel. Kebon Jeruk",Jakarta Selatan,DKI Jakarta,12421,SPayLater,AnterAja,Gudang Surabaya,,,2025-08-30 04:10:17,2025-08-30 04:22:17,2025-08-30 21:22:17,,,,,
93,250830Q5ZJAUCYH,Completed,Susu UHT Cokelat 1 L - Cokelat,SS-SRC-0005,Cokelat,19200,18100,1,0,18100,1100,150,1500,0,23000,0,0,16450,oka652,Oka Hidayat,0814075870,"Jl. Thamrin No. 4, RT 02/RW 02, Kel. Kuta",Palembang,Sumatera Selatan,30340,Indomaret,JNE Reguler,Gudang Surabaya,,,2025-08-30 12:02:57,2025-08-30 13:16:57,2025-08-30 17:16:57,2025-08-31 15:16:57,2025-09-01 15:16:57,2025-09-03 15:16:57,,Tolong dibungkus bubble wrap ya
94,250830ZOWI1T2EP,Returned/Refunded,Wafer Cokelat 145 gr - 145 gr,SS-SRC-0021,145 gr,9100,7850,4,4,31400,5000,7000,3000,24500,0,0,5500,48250,andi.hidayat,Andi Hidayat,0873574016,"Jl. Ahmad Yani No. 130, RT 03/RW 02, Kel. Tanah Abang",Yogyakarta,DI Yogyakarta,55481,Alfamart,J&T Express,Gudang Utama - Cikarang,,Refunded,2025-08-30 12:08:07,2025-08-30 13:15:07,2025-08-30 19:15:07,2025-08-30 22:15:07,2025-09-02 22:15:07,,,
95,250830ZOWI1T2EP,Returned/Refunded,Keripik Kentang Original 68 gr - Original,SS-SRC-0019,Original,11100,9950,1,0,9950,1150,2100,0,0,0,0,0,,andi.hidayat,Andi Hidayat,0873574016,"Jl. Ahmad Yani No. 130, RT 03/RW 02, Kel. Tanah Abang",Yogyakarta,DI Yogyakarta,55481,Alfamart,J&T Express,Gudang Utama - Cikarang,,,2025-08-30 12:08:07,2025-08-30 13:15:07,2025-08-30 19:15:07,2025-08-30 22:15:07,2025-09-02 22:15:07,,,
96,250830TD7KFN8K6,Completed,Air Mineral 600 ml - 600 ml,SS-SRC-0001,600 ml,3800,3300,1,0,3300,500,600,0,12000,0,0,0,24650,wahyu963,Wahyu Permata,0881246829,"Jl. Thamrin No. 37, RT 02/RW 02, Kel. Rawa Belong",Surabaya,Jawa Timur,60847,Alfamart,Shopee Xpress,Gudang Utama - Cikarang,,,2025-08-30 14:06:58,2025-08-30 15:29:58,2025-08-31 03:29:58,2025-09-01 00:29:58,2025-09-08 00:29:58,2025-09-08 00:29:58,,
97,250830TD7KFN8K6,Completed,Saus Sambal 335 ml - 335 ml,SS-SRC-0028,335 ml,13400,11700,1,0,11700,1700,1750,0,0,0,0,0,,wahyu963,Wahyu Permata,0881246829,"Jl. Thamrin No. 37, RT 02/RW 02, Kel. Rawa Belong",Surabaya,Jawa Timur,60847,Alfamart,Shopee Xpress,Gudang Utama - Cikarang,,,2025-08-30 14:06:58,2025-08-30 15:29:58,2025-08-31 03:29:58,2025-09-01 00:29:58,2025-09-08 00:29:58,2025-09-08 00:29:58,,
98,250830SAZ0LB6YA,Completed,Mie Instan Goreng 85 gr - Goreng,SS-SRC-0011,Goreng,3600,3550,1,0,3550,50,300,0,20500,0,0,0,23750,rahmat.nugroho,Rahmat Nugroho,0829241916,"Jl. Diponegoro No. 15, RT 02/RW 11, Kel. Kebon Jeruk",Makassar,Sulawesi Selatan,90519,SPayLater,J&T Express,Gudang Utama - Cikarang,,,2025-08-30 14:55:28,2025-08-30 15:05:28,2025-08-30 18:05:28,2025-08-31 15:05:28,2025-09-07 15:05:28,2025-09-10 15:05:28,,
99,2508301V4DX6UZS,Completed,Kaldu Ayam Blok 100 gr - Ayam,SS-SRC-0032,Ayam,7200,6500,2,0,13000,1400,800,0,18000,0,0,3000,38200,user75869786,Eko Hidayat,0835278591,"Jl. Merdeka No. 92, RT 01/RW 08, Kel. Wonokromo",Malang,Jawa Timur,65824,Alfamart,Shopee Xpress,Gudang Surabaya,,,2025-08-30 20:50:28,2025-08-30 21:52:28,2025-08-31 23:52:28,2025-09-01 09:52:28,2025-09-05 09:52:28,2025-09-07 09:52:28,,"Sudah langganan, tolong bonus sachet"
100,2508301V4DX6UZS,Completed,Air Mineral 1500 ml - 1500 ml,SS-SRC-0002,1500 ml,6400,5650,1,0,5650,750,350,0,0,0,0,0,,user75869786,Eko Hidayat,0835278591,"Jl. Merdeka No. 92, RT 01/RW 08, Kel. Wonokromo",Malang,Jawa Timur,65824,Alfamart,Shopee Xpress,Gudang Surabaya,,,2025-08-30 20:50:28,2025-08-30 21:52:28,2025-08-31 23:52:28,2025-09-01 09:52:28,2025-09-05 09:52:28,2025-09-07 09:52:28,,"Sudah langganan, tolong bonus sachet"
101,2508301V4DX6UZS,Completed,Mie Instan Kuah Ayam 75 gr - Kuah Ayam,SS-SRC-0012,Kuah Ayam,3300,3100,2,0,6200,400,500,0,0,0,0,0,,user75869786,Eko Hidayat,0835278591,"Jl. Merdeka No. 92, RT 01/RW 08, Kel. Wonokromo",Malang,Jawa Timur,65824,Alfamart,Shopee Xpress,Gudang Surabaya,,,2025-08-30 20:50:28,2025-08-30 21:52:28,2025-08-31 23:52:28,2025-09-01 09:52:28,2025-09-05 09:52:28,2025-09-07 09:52:28,,"Sudah langganan, tolong bonus sachet"
102,250830PJY93N0AJ,Completed,Bawang Goreng 100 gr - 100 gr,SS-SRC-0034,100 gr,15300,14950,2,0,29900,700,2800,0,0,18000,1000,0,26100,hendra284,Hendra Santoso,0876176080,"Jl. Pahlawan No. 191, RT 06/RW 10, Kel. Cibubur",Jakarta Barat,DKI Jakarta,11679,Transfer Bank (BCA),SiCepat REG,Gudang Utama - Cikarang,,,2025-08-30 21:26:11,2025-08-30 22:20:11,2025-08-31 22:20:11,2025-09-01 00:20:11,2025-09-04 00:20:11,2025-09-06 00:20:11,,Titip di security
103,250830VZWD3KPUG,Completed,Sabun Batang 85 gr - 85 gr,SS-SRC-0039,85 gr,4600,3950,5,0,19750,3250,2750,0,0,15500,0,4000,33550,gita.pratama,Gita Pratama,0880207530,"Jl. Cendrawasih No. 62, RT 03/RW 10, Kel. Kuta",Medan,Sumatera Utara,20138,Alfamart,Ninja Xpress,Gudang Utama - Cikarang,,,2025-08-30 21:26:44,2025-08-30 21:51:44,2025-08-31 06:51:44,2025-08-31 11:51:44,2025-09-06 11:51:44,2025-09-09 11:51:44,,
104,250830VZWD3KPUG,Completed,Merica Bubuk 30 gr - 30 gr,SS-SRC-0033,30 gr,9100,7750,3,0,23250,4050,2700,0,0,0,0,0,,gita.pratama,Gita Pratama,0880207530,"Jl. Cendrawasih No. 62, RT 03/RW 10, Kel. Kuta",Medan,Sumatera Utara,20138,Alfamart,Ninja Xpress,Gudang Utama - Cikarang,,,2025-08-30 21:26:44,2025-08-30 21:51:44,2025-08-31 06:51:44,2025-08-31 11:51:44,2025-09-06 11:51:44,2025-09-09 11:51:44,,
105,250830P47B42G05,Completed,Sabun Batang 85 gr - 85 gr,SS-SRC-0039,85 gr,4600,4550,1,0,4550,50,250,0,0,8000,0,0,9600,joko788,Joko Saputra,0822007214,"Jl. Gatot Subroto No. 137, RT 12/RW 12, Kel. Menteng",Balikpapan,Kalimantan Timur,76279,Alfamart,Ninja Xpress,Gudang Surabaya,,,2025-08-30 21:30:30,2025-08-30 21:48:30,2025-09-01 07:48:30,2025-09-01 22:48:30,2025-09-04 22:48:30,2025-09-05 22:48:30,,
106,250830P47B42G05,Completed,Mie Instan Kuah Ayam 75 gr - Kuah Ayam,SS-SRC-0012,Kuah Ayam,3300,2850,2,0,5700,900,400,0,0,0,0,0,,joko788,Joko Saputra,0822007214,"Jl. Gatot Subroto No. 137, RT 12/RW 12, Kel. Menteng",Balikpapan,Kalimantan Timur,76279,Alfamart,Ninja Xpress,Gudang Surabaya,,,2025-08-30 21:30:30,2025-08-30 21:48:30,2025-09-01 07:48:30,2025-09-01 22:48:30,2025-09-04 22:48:30,2025-09-05 22:48:30,,
107,250830QDRMSWJJJ,Completed,Garam Beryodium 250 gr - 250 gr,SS-SRC-0030,250 gr,3400,3150,1,0,3150,250,200,4000,13000,0,0,0,117350,putri776,Putri Kusuma,0889129551,"Jl. Kartini No. 155, RT 10/RW 11, Kel. Gubeng",Makassar,Sulawesi Selatan,90240,Kartu Kredit/Debit,SiCepat REG,Gudang Utama - Cikarang,,,2025-08-30 23:21:19,2025-08-31 00:28:19,2025-09-01 04:28:19,2025-09-01 13:28:19,2025-09-04 13:28:19,2025-09-07 13:28:19,,
108,250830QDRMSWJJJ,Completed,Kopi Bubuk 250 gr - 250 gr,SS-SRC-0047,250 gr,35100,30300,4,0,121200,19200,15800,0,0,0,0,0,,putri776,Putri Kusuma,0889129551,"Jl. Kartini No. 155, RT 10/RW 11, Kel. Gubeng",Makassar,Sulawesi Selatan,90240,Kartu Kredit/Debit,SiCepat REG,Gudang Utama - Cikarang,,,2025-08-30 23:21:19,2025-08-31 00:28:19,2025-09-01 04:28:19,2025-09-01 13:28:19,2025-09-04 13:28:19,2025-09-07 13:28:19,,
109,250831BHGFB2FLU,Shipped,Kecap Manis 520 ml - 520 ml,SS-SRC-0027,520 ml,17500,16600,1,0,16600,900,2200,0,12500,0,0,0,26900,indah384,Indah Pratama,0898745007,"Jl. Pahlawan No. 189, RT 01/RW 12, Kel. Jatiasih",Bekasi,Jawa Barat,17747,Indomaret,JNE Reguler,Gudang Utama - Cikarang,,,2025-08-31 12:29:42,2025-08-31 13:03:42,2025-09-02 01:03:42,2025-09-02 16:03:42,,,,
110,2508315R0PNF3VC,Completed,Deterjen Bubuk 800 gr - 800 gr,SS-SRC-0041,800 gr,24300,23550,1,0,23550,750,1900,0,8500,0,1500,0,28650,rahmat579,Rahmat Santoso,0824412290,"Jl. Cendrawasih No. 176, RT 08/RW 04, Kel. Tanah Abang",Surabaya,Jawa Timur,60385,Transfer Bank (BRI),JNE Reguler,Gudang Surabaya,,,2025-08-31 22:46:14,2025-09-01 00:42:14,2025-09-01 23:42:14,2025-09-02 01:42:14,2025-09-07 01:42:14,2025-09-07 01:42:14,,
