Product ID,Product Name,Parent SKU,Variation Name,Category,Price,Stock,Reserved Stock,Available Stock,Sales (30d),Weight (gr),Warehouse,Last Updated
3342331444,Air Mineral 600 ml - 600 ml,SS-SRC-0001,600 ml,Minuman,3800,202,1,201,2,620,Gudang Surabaya,2025-09-17 01:31:00
6241752544,Air Mineral 1500 ml - 1500 ml,SS-SRC-0002,1500 ml,Minuman,6400,146,1,145,4,1550,Gudang Surabaya,2025-09-11 05:27:00
8574149614,Teh Kotak Original 300 ml - Original,SS-SRC-0003,Original,Minuman,5500,122,0,122,4,330,Gudang Surabaya,2025-09-15 23:24:00
3303082117,Jus Jeruk 1 L - 1 L,SS-SRC-0004,1 L,Minuman,21300,102,0,102,2,1100,Gudang Utama - Cikarang,2025-09-28 01:44:00
9786748825,Susu UHT Cokelat 1 L - Cokelat,SS-SRC-0005,Cokelat,Minuman,19200,121,0,121,12,1050,Gudang Utama - Cikarang,2025-09-24 05:17:00
9896606039,Susu UHT Plain 1 L - Plain,SS-SRC-0006,Plain,Minuman,18100,50,0,50,0,1050,Gudang Surabaya,2025-08-24 03:37:00
8235363119,Susu Kental Manis 370 gr - 370 gr,SS-SRC-0007,370 gr,Minuman,11100,88,0,88,4,410,Gudang Utama - Cikarang,2025-09-16 00:05:00
7439149233,Minuman Isotonik 500 ml - 500 ml,SS-SRC-0008,500 ml,Minuman,7300,61,0,61,2,550,Gudang Surabaya,2025-09-21 06:44:00
7010379415,Susu Kedelai 250 ml - 250 ml,SS-SRC-0009,250 ml,Minuman,5900,0,0,0,0,280,Gudang Utama - Cikarang,2025-08-26 23:59:59
3561557300,Susu Fermentasi 200 ml - 200 ml,SS-SRC-0010,200 ml,Minuman,8100,0,0,0,0,230,Gudang Surabaya,2025-08-22 23:59:59
8047877267,Mie Instan Goreng 85 gr - Goreng,SS-SRC-0011,Goreng,Makanan Instan,3600,94,0,94,6,90,Gudang Surabaya,2025-09-14 06:20:00
4272602734,Mie Instan Kuah Ayam 75 gr - Kuah Ayam,SS-SRC-0012,Kuah Ayam,Makanan Instan,3300,168,1,167,10,80,Gudang Utama - Cikarang,2025-09-21 00:26:00
7867414708,Mie Instan Kuah Sapi 75 gr - Kuah Sapi,SS-SRC-0013,Kuah Sapi,Makanan Instan,3300,161,0,161,8,80,Gudang Utama - Cikarang,2025-09-25 06:35:00
5067116918,Bubur Instan Ayam 40 gr - Ayam,SS-SRC-0014,Ayam,Makanan Instan,4500,0,0,0,0,50,Gudang Surabaya,2025-09-30 23:59:59
5141907136,Sarden Kaleng 155 gr - 155 gr,SS-SRC-0015,155 gr,Makanan Instan,12100,59,0,59,0,200,Gudang Utama - Cikarang,2025-08-27 03:43:00
1965067727,Kornet Sapi Kaleng 198 gr - 198 gr,SS-SRC-0016,198 gr,Makanan Instan,21300,103,0,103,3,250,Gudang Surabaya,2025-09-30 07:47:00
2419179580,Nugget Ayam 500 gr - 500 gr,SS-SRC-0017,500 gr,Makanan Instan,30600,37,0,37,0,530,Gudang Utama - Cikarang,2025-07-07 08:48:00
2748309234,Sosis Ayam 500 gr - 500 gr,SS-SRC-0018,500 gr,Makanan Instan,28000,72,0,72,8,510,Gudang Surabaya,2025-09-29 03:19:00
5555296751,Keripik Kentang Original 68 gr - Original,SS-SRC-0019,Original,Snack,11100,76,0,76,7,80,Gudang Utama - Cikarang,2025-09-21 05:54:00
6491309593,Biskuit Cokelat 300 gr - 300 gr,SS-SRC-0020,300 gr,Snack,14800,55,0,55,2,320,Gudang Utama - Cikarang,2025-09-05 01:15:00
5161807235,Wafer Cokelat 145 gr - 145 gr,SS-SRC-0021,145 gr,Snack,9100,38,0,38,4,160,Gudang Surabaya,2025-09-15 05:35:00
6971815972,Cokelat Batang 65 gr - 65 gr,SS-SRC-0022,65 gr,Snack,11700,53,0,53,0,75,Gudang Surabaya,2025-08-01 08:06:00
1664847319,Permen Mint 125 gr - 125 gr,SS-SRC-0023,125 gr,Snack,8000,2,1,1,3,140,Gudang Surabaya,2025-09-30 14:59:59
1676168421,Kacang Atom 200 gr - 200 gr,SS-SRC-0024,200 gr,Snack,13000,8,0,8,1,210,Gudang Utama - Cikarang,2025-09-29 04:59:59
3446737272,Kerupuk Udang 200 gr - 200 gr,SS-SRC-0025,200 gr,Snack,9000,85,1,84,1,200,Gudang Utama - Cikarang,2025-09-04 23:56:00
6320115677,Biskuit Marie 250 gr - 250 gr,SS-SRC-0026,250 gr,Snack,10200,42,0,42,2,270,Gudang Utama - Cikarang,2025-09-24 08:02:00
1429416213,Kecap Manis 520 ml - 520 ml,SS-SRC-0027,520 ml,Bumbu & Rempah,17500,74,0,74,3,640,Gudang Utama - Cikarang,2025-09-07 06:05:00
5972484792,Saus Sambal 335 ml - 335 ml,SS-SRC-0028,335 ml,Bumbu & Rempah,13400,68,0,68,4,400,Gudang Utama - Cikarang,2025-09-27 23:16:00
5871743247,Saus Tomat 335 ml - 335 ml,SS-SRC-0029,335 ml,Bumbu & Rempah,13600,84,0,84,1,400,Gudang Utama - Cikarang,2025-09-04 00:19:00
7465682673,Garam Beryodium 250 gr - 250 gr,SS-SRC-0030,250 gr,Bumbu & Rempah,3400,161,1,160,1,260,Gudang Utama - Cikarang,2025-09-14 08:47:00
8325785916,Gula Pasir 1 kg - 1 kg,SS-SRC-0031,1 kg,Bumbu & Rempah,15600,75,2,73,3,1010,Gudang Surabaya,2025-09-18 02:18:00
5931025271,Kaldu Ayam Blok 100 gr - Ayam,SS-SRC-0032,Ayam,Bumbu & Rempah,7200,74,0,74,2,120,Gudang Utama - Cikarang,2025-09-29 01:43:00
3929454134,Merica Bubuk 30 gr - 30 gr,SS-SRC-0033,30 gr,Bumbu & Rempah,9100,0,0,0,0,45,Gudang Utama - Cikarang,2025-08-06 23:59:59
4713453204,Bawang Goreng 100 gr - 100 gr,SS-SRC-0034,100 gr,Bumbu & Rempah,15300,9,0,9,4,115,Gudang Surabaya,2025-09-28 23:59:59
2145921803,Sabun Cair 450 ml - 450 ml,SS-SRC-0035,450 ml,Perawatan Tubuh,27300,74,0,74,2,490,Gudang Utama - Cikarang,2025-09-21 08:34:00
4742303947,Shampoo Anti Ketombe 340 ml - Anti Ketombe,SS-SRC-0036,Anti Ketombe,Perawatan Tubuh,42300,107,0,107,6,400,Gudang Surabaya,2025-09-24 07:32:00
7597996327,Pasta Gigi 190 gr - 190 gr,SS-SRC-0037,190 gr,Perawatan Tubuh,17200,64,0,64,10,215,Gudang Surabaya,2025-09-22 05:26:00
7857221324,Deodoran Roll On 50 ml - 50 ml,SS-SRC-0038,50 ml,Perawatan Tubuh,21400,2,2,0,2,65,Gudang Surabaya,2025-09-30 03:59:59
8339176912,Sabun Batang 85 gr - 85 gr,SS-SRC-0039,85 gr,Perawatan Tubuh,4600,100,1,99,3,90,Gudang Utama - Cikarang,2025-09-18 02:01:00
7049001493,Hand Sanitizer 100 ml - 100 ml,SS-SRC-0040,100 ml,Perawatan Tubuh,11700,5,0,5,1,125,Gudang Surabaya,2025-09-29 08:59:59
4580822352,Deterjen Bubuk 800 gr - 800 gr,SS-SRC-0041,800 gr,Perawatan Rumah,24300,90,5,85,3,860,Gudang Surabaya,2025-09-27 02:29:00
7490442894,Deterjen Cair 1 L - 1 L,SS-SRC-0042,1 L,Perawatan Rumah,31100,27,0,27,0,1120,Gudang Utama - Cikarang,2025-08-03 00:31:00
8184602688,Pembersih Lantai 800 ml - 800 ml,SS-SRC-0043,800 ml,Perawatan Rumah,18400,59,2,57,7,910,Gudang Surabaya,2025-09-14 05:57:00
6944142262,Sabun Cuci Piring 750 ml - 750 ml,SS-SRC-0044,750 ml,Perawatan Rumah,15800,48,5,43,2,860,Gudang Surabaya,2025-09-18 00:13:00
1939915527,Pemutih Pakaian 1 L - 1 L,SS-SRC-0045,1 L,Perawatan Rumah,14100,32,0,32,3,1120,Gudang Surabaya,2025-09-21 07:02:00
9123612497,Pelembut Pakaian 1 L - 1 L,SS-SRC-0046,1 L,Perawatan Rumah,19200,54,0,54,0,1060,Gudang Utama - Cikarang,2025-07-24 00:13:00
4228856718,Kopi Bubuk 250 gr - 250 gr,SS-SRC-0047,250 gr,Kopi & Teh,35100,71,4,67,8,265,Gudang Utama - Cikarang,2025-09-21 02:57:00
1594312071,Kopi Instan Sachet (10x) - 10 sachet,SS-SRC-0048,10 sachet,Kopi & Teh,17500,139,1,138,5,140,Gudang Utama - Cikarang,2025-09-29 03:56:00
1267429212,Teh Celup 25 Bags - 25 bags,SS-SRC-0049,25 bags,Kopi & Teh,12200,93,0,93,3,95,Gudang Utama - Cikarang,2025-09-10 00:17:00
3048612358,Kopi Susu Sachet (10x) - 10 sachet,SS-SRC-0050,10 sachet,Kopi & Teh,20900,49,0,49,1,210,Gudang Surabaya,2025-09-05 23:22:00
