Month,SKU ID,Seller SKU,Product Name,Category,Opening Units,Receipts Units,Shipped Units,Closing Units,Unit Cost (WA),Opening Value,Receipts Value,COGS,Closing Value,COGS per Unit,Stock Turns
2025-07,SRC-0001,SS-SRC-0001,Air Mineral 600 ml,Minuman,130,32,21,141,2950,383500,94400,61950,415950,2950.0,0.62
2025-07,SRC-0002,SS-SRC-0002,Air Mineral 1500 ml,Minuman,189,14,5,198,4300,812700,60200,21500,851400,4300.0,0.1
2025-07,SRC-0003,SS-SRC-0003,Teh Kotak Original 300 ml,Minuman,80,13,11,82,4200,336000,54600,46200,344400,4200.0,0.54
2025-07,SRC-0004,SS-SRC-0004,Jus Jeruk 1 L,Minuman,45,11,8,48,15000,675000,165000,120000,720000,15000.0,0.69
2025-07,SRC-0005,SS-SRC-0005,Susu UHT Cokelat 1 L,Minuman,2,2,4,0,13900,27800,27800,55600,0,13900.0,16.0
2025-07,SRC-0006,SS-SRC-0006,Susu UHT Plain 1 L,Minuman,9,7,12,4,12700,114300,88900,152400,50800,12700.0,7.38
2025-07,SRC-0007,SS-SRC-0007,Susu Kental Manis 370 gr,Minuman,4,5,7,2,8100,32400,40500,56700,16200,8100.0,9.33
2025-07,SRC-0008,SS-SRC-0008,Minuman Isotonik 500 ml,Minuman,4,5,8,1,5100,20400,25500,40800,5100,5100.0,12.8
2025-07,SRC-0009,SS-SRC-0009,Susu Kedelai 250 ml,Minuman,36,5,3,38,4500,162000,22500,13500,171000,4500.0,0.32
2025-07,SRC-0010,SS-SRC-0010,Susu Fermentasi 200 ml,Minuman,1,0,0,1,5350,5350,0,0,5350,0,0.0
2025-07,SRC-0011,SS-SRC-0011,Mie Instan Goreng 85 gr,Makanan Instan,130,17,4,143,2500,325000,42500,10000,357500,2500.0,0.12
2025-07,SRC-0012,SS-SRC-0012,Mie Instan Kuah Ayam 75 gr,Makanan Instan,153,6,5,154,2600,397800,15600,13000,400400,2600.0,0.13
2025-07,SRC-0013,SS-SRC-0013,Mie Instan Kuah Sapi 75 gr,Makanan Instan,96,7,6,97,2250,216000,15750,13500,218250,2250.0,0.25
2025-07,SRC-0014,SS-SRC-0014,Bubur Instan Ayam 40 gr,Makanan Instan,48,9,6,51,3600,172800,32400,21600,183600,3600.0,0.48
2025-07,SRC-0015,SS-SRC-0015,Sarden Kaleng 155 gr,Makanan Instan,7,6,8,5,9000,63000,54000,72000,45000,9000.0,5.33
2025-07,SRC-0016,SS-SRC-0016,Kornet Sapi Kaleng 198 gr,Makanan Instan,65,8,1,72,14450,939250,115600,14450,1040400,14450.0,0.06
2025-07,SRC-0017,SS-SRC-0017,Nugget Ayam 500 gr,Makanan Instan,54,9,5,58,21100,1139400,189900,105500,1223800,21100.0,0.36
2025-07,SRC-0018,SS-SRC-0018,Sosis Ayam 500 gr,Makanan Instan,110,16,8,118,20100,2211000,321600,160800,2371800,20100.0,0.28
2025-07,SRC-0019,SS-SRC-0019,Keripik Kentang Original 68 gr,Snack,133,14,5,142,7650,1017450,107100,38250,1086300,7650.0,0.15
2025-07,SRC-0020,SS-SRC-0020,Biskuit Cokelat 300 gr,Snack,78,15,9,84,9800,764400,147000,88200,823200,9800.0,0.44
2025-07,SRC-0021,SS-SRC-0021,Wafer Cokelat 145 gr,Snack,132,10,0,142,6850,904200,68500,0,972700,0,0.0
2025-07,SRC-0022,SS-SRC-0022,Cokelat Batang 65 gr,Snack,80,17,10,87,7900,632000,134300,79000,687300,7900.0,0.48
2025-07,SRC-0023,SS-SRC-0023,Permen Mint 125 gr,Snack,52,14,9,57,6000,312000,84000,54000,342000,6000.0,0.66
2025-07,SRC-0024,SS-SRC-0024,Kacang Atom 200 gr,Snack,44,8,3,49,9350,411400,74800,28050,458150,9350.0,0.26
2025-07,SRC-0025,SS-SRC-0025,Kerupuk Udang 200 gr,Snack,100,14,3,111,6550,655000,91700,19650,727050,6550.0,0.11
2025-07,SRC-0026,SS-SRC-0026,Biskuit Marie 250 gr,Snack,105,10,10,105,7100,745500,71000,71000,745500,7100.0,0.38
2025-07,SRC-0027,SS-SRC-0027,Kecap Manis 520 ml,Bumbu & Rempah,5,14,10,9,11850,59250,165900,118500,106650,11850.0,5.71
2025-07,SRC-0028,SS-SRC-0028,Saus Sambal 335 ml,Bumbu & Rempah,88,18,15,91,9550,840400,171900,143250,869050,9550.0,0.67
2025-07,SRC-0029,SS-SRC-0029,Saus Tomat 335 ml,Bumbu & Rempah,133,29,14,148,8400,1117200,243600,117600,1243200,8400.0,0.4
2025-07,SRC-0030,SS-SRC-0030,Garam Beryodium 250 gr,Bumbu & Rempah,168,29,17,180,2600,436800,75400,44200,468000,2600.0,0.39
2025-07,SRC-0031,SS-SRC-0031,Gula Pasir 1 kg,Bumbu & Rempah,4,3,6,1,10050,40200,30150,60300,10050,10050.0,9.6
2025-07,SRC-0032,SS-SRC-0032,Kaldu Ayam Blok 100 gr,Bumbu & Rempah,126,15,3,138,5600,705600,84000,16800,772800,5600.0,0.09
2025-07,SRC-0033,SS-SRC-0033,Merica Bubuk 30 gr,Bumbu & Rempah,51,7,2,56,6850,349350,47950,13700,383600,6850.0,0.15
2025-07,SRC-0034,SS-SRC-0034,Bawang Goreng 100 gr,Bumbu & Rempah,60,4,1,63,11650,699000,46600,11650,733950,11650.0,0.07
2025-07,SRC-0035,SS-SRC-0035,Sabun Cair 450 ml,Perawatan Tubuh,126,25,15,136,21050,2652300,526250,315750,2862800,21050.0,0.46
2025-07,SRC-0036,SS-SRC-0036,Shampoo Anti Ketombe 340 ml,Perawatan Tubuh,3,7,6,4,27700,83100,193900,166200,110800,27700.0,6.86
2025-07,SRC-0037,SS-SRC-0037,Pasta Gigi 190 gr,Perawatan Tubuh,56,2,2,56,12050,674800,24100,24100,674800,12050.0,0.14
2025-07,SRC-0038,SS-SRC-0038,Deodoran Roll On 50 ml,Perawatan Tubuh,80,6,4,82,13700,1096000,82200,54800,1123400,13700.0,0.2
2025-07,SRC-0039,SS-SRC-0039,Sabun Batang 85 gr,Perawatan Tubuh,77,14,10,81,2900,223300,40600,29000,234900,2900.0,0.51
2025-07,SRC-0040,SS-SRC-0040,Hand Sanitizer 100 ml,Perawatan Tubuh,1,0,0,1,8850,8850,0,0,8850,0,0.0
2025-07,SRC-0041,SS-SRC-0041,Deterjen Bubuk 800 gr,Perawatan Rumah,168,4,2,170,17800,2990400,71200,35600,3026000,17800.0,0.05
2025-07,SRC-0042,SS-SRC-0042,Deterjen Cair 1 L,Perawatan Rumah,70,21,15,76,23350,1634500,490350,350250,1774600,23350.0,0.82
2025-07,SRC-0043,SS-SRC-0043,Pembersih Lantai 800 ml,Perawatan Rumah,119,16,5,130,13700,1630300,219200,68500,1781000,13700.0,0.16
2025-07,SRC-0044,SS-SRC-0044,Sabun Cuci Piring 750 ml,Perawatan Rumah,88,4,3,89,12750,1122000,51000,38250,1134750,12750.0,0.14
2025-07,SRC-0045,SS-SRC-0045,Pemutih Pakaian 1 L,Perawatan Rumah,70,4,0,74,10950,766500,43800,0,810300,0,0.0
2025-07,SRC-0046,SS-SRC-0046,Pelembut Pakaian 1 L,Perawatan Rumah,60,9,3,66,12850,771000,115650,38550,848100,12850.0,0.19
2025-07,SRC-0047,SS-SRC-0047,Kopi Bubuk 250 gr,Kopi & Teh,90,7,0,97,27350,2461500,191450,0,2652950,0,0.0
2025-07,SRC-0048,SS-SRC-0048,Kopi Instan Sachet (10x),Kopi & Teh,98,14,3,109,11900,1166200,166600,35700,1297100,11900.0,0.12
2025-07,SRC-0049,SS-SRC-0049,Teh Celup 25 Bags,Kopi & Teh,84,12,6,90,7900,663600,94800,47400,711000,7900.0,0.28
2025-07,SRC-0050,SS-SRC-0050,Kopi Susu Sachet (10x),Kopi & Teh,154,18,4,168,17400,2679600,313200,69600,2923200,17400.0,0.1
2025-08,SRC-0001,SS-SRC-0001,Air Mineral 600 ml,Minuman,141,29,13,157,2950,415950,85550,38350,463150,2950.0,0.35
2025-08,SRC-0002,SS-SRC-0002,Air Mineral 1500 ml,Minuman,198,27,17,208,4300,851400,116100,73100,894400,4300.0,0.33
2025-08,SRC-0003,SS-SRC-0003,Teh Kotak Original 300 ml,Minuman,82,17,8,91,4200,344400,71400,33600,382200,4200.0,0.37
2025-08,SRC-0004,SS-SRC-0004,Jus Jeruk 1 L,Minuman,48,7,3,52,15000,720000,105000,45000,780000,15000.0,0.24
2025-08,SRC-0005,SS-SRC-0005,Susu UHT Cokelat 1 L,Minuman,0,29,22,7,13900,0,403100,305800,97300,13900.0,25.14
2025-08,SRC-0006,SS-SRC-0006,Susu UHT Plain 1 L,Minuman,4,15,11,8,12700,50800,190500,139700,101600,12700.0,7.33
2025-08,SRC-0007,SS-SRC-0007,Susu Kental Manis 370 gr,Minuman,2,14,10,6,8319,16200,116900,83190,49910,8319.0,10.07
2025-08,SRC-0008,SS-SRC-0008,Minuman Isotonik 500 ml,Minuman,1,7,6,2,5100,5100,35700,30600,10200,5100.0,16.0
2025-08,SRC-0009,SS-SRC-0009,Susu Kedelai 250 ml,Minuman,38,5,4,39,4500,171000,22500,18000,175500,4500.0,0.42
2025-08,SRC-0010,SS-SRC-0010,Susu Fermentasi 200 ml,Minuman,1,1,1,1,5350,5350,5350,5350,5350,5350.0,4.0
2025-08,SRC-0011,SS-SRC-0011,Mie Instan Goreng 85 gr,Makanan Instan,143,23,22,144,2500,357500,57500,55000,360000,2500.0,0.61
2025-08,SRC-0012,SS-SRC-0012,Mie Instan Kuah Ayam 75 gr,Makanan Instan,154,25,14,165,2600,400400,65000,36400,429000,2600.0,0.35
2025-08,SRC-0013,SS-SRC-0013,Mie Instan Kuah Sapi 75 gr,Makanan Instan,97,6,3,100,2247,218250,13200,6741,224709,2247.0,0.12
2025-08,SRC-0014,SS-SRC-0014,Bubur Instan Ayam 40 gr,Makanan Instan,51,10,6,55,3600,183600,36000,21600,198000,3600.0,0.45
2025-08,SRC-0015,SS-SRC-0015,Sarden Kaleng 155 gr,Makanan Instan,5,7,9,3,9000,45000,63000,81000,27000,9000.0,9.0
2025-08,SRC-0016,SS-SRC-0016,Kornet Sapi Kaleng 198 gr,Makanan Instan,72,2,2,72,14450,1040400,28900,28900,1040400,14450.0,0.11
2025-08,SRC-0017,SS-SRC-0017,Nugget Ayam 500 gr,Makanan Instan,58,9,4,63,21100,1223800,189900,84400,1329300,21100.0,0.26
2025-08,SRC-0018,SS-SRC-0018,Sosis Ayam 500 gr,Makanan Instan,118,17,7,128,20100,2371800,341700,140700,2572800,20100.0,0.23
2025-08,SRC-0019,SS-SRC-0019,Keripik Kentang Original 68 gr,Snack,142,19,7,154,7650,1086300,145350,53550,1178100,7650.0,0.19
2025-08,SRC-0020,SS-SRC-0020,Biskuit Cokelat 300 gr,Snack,84,6,5,85,9800,823200,58800,49000,833000,9800.0,0.24
2025-08,SRC-0021,SS-SRC-0021,Wafer Cokelat 145 gr,Snack,142,21,6,157,6850,972700,143850,41100,1075450,6850.0,0.16
2025-08,SRC-0022,SS-SRC-0022,Cokelat Batang 65 gr,Snack,87,9,3,93,7900,687300,71100,23700,734700,7900.0,0.13
2025-08,SRC-0023,SS-SRC-0023,Permen Mint 125 gr,Snack,57,12,9,60,6000,342000,72000,54000,360000,6000.0,0.62
2025-08,SRC-0024,SS-SRC-0024,Kacang Atom 200 gr,Snack,49,7,2,54,9350,458150,65450,18700,504900,9350.0,0.16
2025-08,SRC-0025,SS-SRC-0025,Kerupuk Udang 200 gr,Snack,111,2,1,112,6550,727050,13100,6550,733600,6550.0,0.04
2025-08,SRC-0026,SS-SRC-0026,Biskuit Marie 250 gr,Snack,105,17,5,117,7100,745500,120700,35500,830700,7100.0,0.18
2025-08,SRC-0027,SS-SRC-0027,Kecap Manis 520 ml,Bumbu & Rempah,9,2,6,5,11832,106650,23500,70992,59158,11832.0,3.43
2025-08,SRC-0028,SS-SRC-0028,Saus Sambal 335 ml,Bumbu & Rempah,91,15,13,93,9550,869050,143250,124150,888150,9550.0,0.57
2025-08,SRC-0029,SS-SRC-0029,Saus Tomat 335 ml,Bumbu & Rempah,148,10,4,154,8400,1243200,84000,33600,1293600,8400.0,0.11
2025-08,SRC-0030,SS-SRC-0030,Garam Beryodium 250 gr,Bumbu & Rempah,180,23,14,189,2600,468000,59800,36400,491400,2600.0,0.3
2025-08,SRC-0031,SS-SRC-0031,Gula Pasir 1 kg,Bumbu & Rempah,1,6,5,2,10050,10050,60300,50250,20100,10050.0,13.33
2025-08,SRC-0032,SS-SRC-0032,Kaldu Ayam Blok 100 gr,Bumbu & Rempah,138,19,5,152,5600,772800,106400,28000,851200,5600.0,0.14
2025-08,SRC-0033,SS-SRC-0033,Merica Bubuk 30 gr,Bumbu & Rempah,56,5,4,57,6850,383600,34250,27400,390450,6850.0,0.28
2025-08,SRC-0034,SS-SRC-0034,Bawang Goreng 100 gr,Bumbu & Rempah,63,4,2,65,11650,733950,46600,23300,757250,11650.0,0.12
2025-08,SRC-0035,SS-SRC-0035,Sabun Cair 450 ml,Perawatan Tubuh,136,14,10,140,21050,2862800,294700,210500,2947000,21050.0,0.29
2025-08,SRC-0036,SS-SRC-0036,Shampoo Anti Ketombe 340 ml,Perawatan Tubuh,4,0,3,1,27700,110800,0,83100,27700,27700.0,4.8
2025-08,SRC-0037,SS-SRC-0037,Pasta Gigi 190 gr,Perawatan Tubuh,56,9,6,59,12050,674800,108450,72300,710950,12050.0,0.42
2025-08,SRC-0038,SS-SRC-0038,Deodoran Roll On 50 ml,Perawatan Tubuh,82,9,1,90,13700,1123400,123300,13700,1233000,13700.0,0.05
2025-08,SRC-0039,SS-SRC-0039,Sabun Batang 85 gr,Perawatan Tubuh,81,15,8,88,2900,234900,43500,23200,255200,2900.0,0.38
2025-08,SRC-0040,SS-SRC-0040,Hand Sanitizer 100 ml,Perawatan Tubuh,1,1,1,1,8850,8850,8850,8850,8850,8850.0,4.0
2025-08,SRC-0041,SS-SRC-0041,Deterjen Bubuk 800 gr,Perawatan Rumah,170,21,11,180,17800,3026000,373800,195800,3204000,17800.0,0.25
2025-08,SRC-0042,SS-SRC-0042,Deterjen Cair 1 L,Perawatan Rumah,76,3,3,76,23350,1774600,70050,70050,1774600,23350.0,0.16
2025-08,SRC-0043,SS-SRC-0043,Pembersih Lantai 800 ml,Perawatan Rumah,130,12,10,132,13700,1781000,164400,137000,1808400,13700.0,0.31
2025-08,SRC-0044,SS-SRC-0044,Sabun Cuci Piring 750 ml,Perawatan Rumah,89,19,19,89,12750,1134750,242250,242250,1134750,12750.0,0.85
2025-08,SRC-0045,SS-SRC-0045,Pemutih Pakaian 1 L,Perawatan Rumah,74,8,5,77,10950,810300,87600,54750,843150,10950.0,0.26
2025-08,SRC-0046,SS-SRC-0046,Pelembut Pakaian 1 L,Perawatan Rumah,66,5,3,68,12850,848100,64250,38550,873800,12850.0,0.18
2025-08,SRC-0047,SS-SRC-0047,Kopi Bubuk 250 gr,Kopi & Teh,97,17,14,100,27350,2652950,464950,382900,2735000,27350.0,0.57
2025-08,SRC-0048,SS-SRC-0048,Kopi Instan Sachet (10x),Kopi & Teh,109,10,2,117,11900,1297100,119000,23800,1392300,11900.0,0.07
2025-08,SRC-0049,SS-SRC-0049,Teh Celup 25 Bags,Kopi & Teh,90,12,8,94,7900,711000,94800,63200,742600,7900.0,0.35
2025-08,SRC-0050,SS-SRC-0050,Kopi Susu Sachet (10x),Kopi & Teh,168,1,1,168,17405,2923200,18250,17405,2924045,17405.0,0.02
2025-09,SRC-0001,SS-SRC-0001,Air Mineral 600 ml,Minuman,157,23,17,163,2950,463150,67850,50150,480850,2950.0,0.42
2025-09,SRC-0002,SS-SRC-0002,Air Mineral 1500 ml,Minuman,208,22,10,220,4300,894400,94600,43000,946000,4300.0,0.19
2025-09,SRC-0003,SS-SRC-0003,Teh Kotak Original 300 ml,Minuman,91,19,9,101,4200,382200,79800,37800,424200,4200.0,0.38
2025-09,SRC-0004,SS-SRC-0004,Jus Jeruk 1 L,Minuman,52,6,3,55,15000,780000,90000,45000,825000,15000.0,0.22
2025-09,SRC-0005,SS-SRC-0005,Susu UHT Cokelat 1 L,Minuman,7,22,16,13,13900,97300,305800,222400,180700,13900.0,6.4
2025-09,SRC-0006,SS-SRC-0006,Susu UHT Plain 1 L,Minuman,8,1,2,7,12700,101600,12700,25400,88900,12700.0,1.07
2025-09,SRC-0007,SS-SRC-0007,Susu Kental Manis 370 gr,Minuman,6,9,9,6,8350,50100,75150,75150,50100,8350.0,6.0
2025-09,SRC-0008,SS-SRC-0008,Minuman Isotonik 500 ml,Minuman,2,6,4,4,5438,10200,33300,21752,21748,5438.0,5.45
2025-09,SRC-0009,SS-SRC-0009,Susu Kedelai 250 ml,Minuman,39,0,0,39,4500,175500,0,0,175500,0,0.0
2025-09,SRC-0010,SS-SRC-0010,Susu Fermentasi 200 ml,Minuman,1,1,0,2,5350,5350,5350,0,10700,0,0.0
2025-09,SRC-0011,SS-SRC-0011,Mie Instan Goreng 85 gr,Makanan Instan,144,21,10,155,2500,360000,52500,25000,387500,2500.0,0.27
2025-09,SRC-0012,SS-SRC-0012,Mie Instan Kuah Ayam 75 gr,Makanan Instan,165,17,13,169,2600,429000,44200,33800,439400,2600.0,0.31
2025-09,SRC-0013,SS-SRC-0013,Mie Instan Kuah Sapi 75 gr,Makanan Instan,100,16,13,103,2200,220000,35200,28600,226600,2200.0,0.51
2025-09,SRC-0014,SS-SRC-0014,Bubur Instan Ayam 40 gr,Makanan Instan,55,2,0,57,3600,198000,7200,0,205200,0,0.0
2025-09,SRC-0015,SS-SRC-0015,Sarden Kaleng 155 gr,Makanan Instan,3,0,1,2,9000,27000,0,9000,18000,9000.0,1.6
2025-09,SRC-0016,SS-SRC-0016,Kornet Sapi Kaleng 198 gr,Makanan Instan,72,8,3,77,14450,1040400,115600,43350,1112650,14450.0,0.16
2025-09,SRC-0017,SS-SRC-0017,Nugget Ayam 500 gr,Makanan Instan,63,1,0,64,21100,1329300,21100,0,1350400,0,0.0
2025-09,SRC-0018,SS-SRC-0018,Sosis Ayam 500 gr,Makanan Instan,128,21,9,140,20100,2572800,422100,180900,2814000,20100.0,0.27
2025-09,SRC-0019,SS-SRC-0019,Keripik Kentang Original 68 gr,Snack,154,27,9,172,7650,1178100,206550,68850,1315800,7650.0,0.22
2025-09,SRC-0020,SS-SRC-0020,Biskuit Cokelat 300 gr,Snack,85,15,7,93,9800,833000,147000,68600,911400,9800.0,0.31
2025-09,SRC-0021,SS-SRC-0021,Wafer Cokelat 145 gr,Snack,157,12,4,165,6850,1075450,82200,27400,1130250,6850.0,0.1
2025-09,SRC-0022,SS-SRC-0022,Cokelat Batang 65 gr,Snack,93,12,4,101,7900,734700,94800,31600,797900,7900.0,0.16
2025-09,SRC-0023,SS-SRC-0023,Permen Mint 125 gr,Snack,60,3,3,60,6000,360000,18000,18000,360000,6000.0,0.2
2025-09,SRC-0024,SS-SRC-0024,Kacang Atom 200 gr,Snack,54,7,4,57,9350,504900,65450,37400,532950,9350.0,0.29
2025-09,SRC-0025,SS-SRC-0025,Kerupuk Udang 200 gr,Snack,112,12,4,120,6550,733600,78600,26200,786000,6550.0,0.14
2025-09,SRC-0026,SS-SRC-0026,Biskuit Marie 250 gr,Snack,117,14,4,127,7100,830700,99400,28400,901700,7100.0,0.13
2025-09,SRC-0027,SS-SRC-0027,Kecap Manis 520 ml,Bumbu & Rempah,5,3,5,3,11750,58750,35250,58750,35250,11750.0,5.0
2025-09,SRC-0028,SS-SRC-0028,Saus Sambal 335 ml,Bumbu & Rempah,93,17,6,104,9550,888150,162350,57300,993200,9550.0,0.24
2025-09,SRC-0029,SS-SRC-0029,Saus Tomat 335 ml,Bumbu & Rempah,154,7,3,158,8400,1293600,58800,25200,1327200,8400.0,0.08
2025-09,SRC-0030,SS-SRC-0030,Garam Beryodium 250 gr,Bumbu & Rempah,189,14,6,197,2600,491400,36400,15600,512200,2600.0,0.12
2025-09,SRC-0031,SS-SRC-0031,Gula Pasir 1 kg,Bumbu & Rempah,2,9,8,3,10050,20100,90450,80400,30150,10050.0,12.8
2025-09,SRC-0032,SS-SRC-0032,Kaldu Ayam Blok 100 gr,Bumbu & Rempah,152,18,6,164,5600,851200,100800,33600,918400,5600.0,0.15
2025-09,SRC-0033,SS-SRC-0033,Merica Bubuk 30 gr,Bumbu & Rempah,57,2,0,59,6850,390450,13700,0,404150,0,0.0
2025-09,SRC-0034,SS-SRC-0034,Bawang Goreng 100 gr,Bumbu & Rempah,65,7,4,68,11650,757250,81550,46600,792200,11650.0,0.24
2025-09,SRC-0035,SS-SRC-0035,Sabun Cair 450 ml,Perawatan Tubuh,140,4,3,141,21050,2947000,84200,63150,2968050,21050.0,0.09
2025-09,SRC-0036,SS-SRC-0036,Shampoo Anti Ketombe 340 ml,Perawatan Tubuh,1,10,7,4,27700,27700,277000,193900,110800,27700.0,11.2
2025-09,SRC-0037,SS-SRC-0037,Pasta Gigi 190 gr,Perawatan Tubuh,59,13,10,62,12050,710950,156650,120500,747100,12050.0,0.66
2025-09,SRC-0038,SS-SRC-0038,Deodoran Roll On 50 ml,Perawatan Tubuh,90,6,2,94,13700,1233000,82200,27400,1287800,13700.0,0.09
2025-09,SRC-0039,SS-SRC-0039,Sabun Batang 85 gr,Perawatan Tubuh,88,13,3,98,2919,255200,39650,8757,286093,2919.0,0.13
2025-09,SRC-0040,SS-SRC-0040,Hand Sanitizer 100 ml,Perawatan Tubuh,1,2,2,1,8850,8850,17700,17700,8850,8850.0,8.0
2025-09,SRC-0041,SS-SRC-0041,Deterjen Bubuk 800 gr,Perawatan Rumah,180,19,11,188,17800,3204000,338200,195800,3346400,17800.0,0.24
2025-09,SRC-0042,SS-SRC-0042,Deterjen Cair 1 L,Perawatan Rumah,76,11,4,83,23350,1774600,256850,93400,1938050,23350.0,0.2
2025-09,SRC-0043,SS-SRC-0043,Pembersih Lantai 800 ml,Perawatan Rumah,132,14,8,138,13604,1808400,177800,108832,1877368,13604.0,0.24
2025-09,SRC-0044,SS-SRC-0044,Sabun Cuci Piring 750 ml,Perawatan Rumah,89,10,10,89,12750,1134750,127500,127500,1134750,12750.0,0.45
2025-09,SRC-0045,SS-SRC-0045,Pemutih Pakaian 1 L,Perawatan Rumah,77,13,10,80,10950,843150,142350,109500,876000,10950.0,0.51
2025-09,SRC-0046,SS-SRC-0046,Pelembut Pakaian 1 L,Perawatan Rumah,68,4,2,70,12850,873800,51400,25700,899500,12850.0,0.12
2025-09,SRC-0047,SS-SRC-0047,Kopi Bubuk 250 gr,Kopi & Teh,100,20,17,103,27600,2735000,577000,469200,2842800,27600.0,0.67
2025-09,SRC-0048,SS-SRC-0048,Kopi Instan Sachet (10x),Kopi & Teh,117,19,8,128,11900,1392300,226100,95200,1523200,11900.0,0.26
2025-09,SRC-0049,SS-SRC-0049,Teh Celup 25 Bags,Kopi & Teh,94,26,15,105,7900,742600,205400,118500,829500,7900.0,0.6
2025-09,SRC-0050,SS-SRC-0050,Kopi Susu Sachet (10x),Kopi & Teh,168,14,8,174,18250,3066000,255500,146000,3175500,18250.0,0.19
