SKU ID,Seller SKU,Product Name,Effective From,Effective To,Unit Cost,Supplier,Change Reason,Is Current
SRC-0001,SS-SRC-0001,Air Mineral 600 ml,2023-05-16,,2950,PT Mitra Distribusi Utama,Opening cost basis,TRUE
SRC-0002,SS-SRC-0002,Air Mineral 1500 ml,2023-12-17,,4300,PT Aneka Konsumsi Jaya,Opening cost basis,TRUE
SRC-0003,SS-SRC-0003,Teh Kotak Original 300 ml,2024-03-31,,4200,PT Aneka Konsumsi Jaya,Opening cost basis,TRUE
SRC-0004,SS-SRC-0004,Jus Jeruk 1 L,2024-08-10,,15000,PT Global FMCG Supply,Opening cost basis,TRUE
SRC-0005,SS-SRC-0005,Susu UHT Cokelat 1 L,2024-10-30,,13900,PT Mitra Distribusi Utama,Opening cost basis,TRUE
SRC-0006,SS-SRC-0006,Susu UHT Plain 1 L,2022-09-07,,12700,PT Sentra Bahan Pokok,Opening cost basis,TRUE
SRC-0007,SS-SRC-0007,Susu Kental Manis 370 gr,2024-06-23,2025-07-31,8100,PT Aneka Konsumsi Jaya,Opening cost basis,FALSE
SRC-0007,SS-SRC-0007,Susu Kental Manis 370 gr,2025-08-01,,8350,PT Aneka Konsumsi Jaya,Supplier price increase,TRUE
SRC-0008,SS-SRC-0008,Minuman Isotonik 500 ml,2023-08-09,2025-08-31,5100,PT Sentra Bahan Pokok,Opening cost basis,FALSE
SRC-0008,SS-SRC-0008,Minuman Isotonik 500 ml,2025-09-01,,5550,PT Sentra Bahan Pokok,Supplier price increase,TRUE
SRC-0009,SS-SRC-0009,Susu Kedelai 250 ml,2023-11-26,,4500,PT Sentra Bahan Pokok,Opening cost basis,TRUE
SRC-0010,SS-SRC-0010,Susu Fermentasi 200 ml,2023-07-30,,5350,PT Sentra Bahan Pokok,Opening cost basis,TRUE
SRC-0011,SS-SRC-0011,Mie Instan Goreng 85 gr,2022-09-16,,2500,PT Sumber Pangan Nusantara,Opening cost basis,TRUE
SRC-0012,SS-SRC-0012,Mie Instan Kuah Ayam 75 gr,2023-01-07,,2600,PT Sentra Bahan Pokok,Opening cost basis,TRUE
SRC-0013,SS-SRC-0013,Mie Instan Kuah Sapi 75 gr,2023-02-16,2025-07-31,2250,PT Aneka Konsumsi Jaya,Opening cost basis,FALSE
SRC-0013,SS-SRC-0013,Mie Instan Kuah Sapi 75 gr,2025-08-01,,2200,PT Aneka Konsumsi Jaya,Supplier price decrease,TRUE
SRC-0014,SS-SRC-0014,Bubur Instan Ayam 40 gr,2022-10-31,,3600,PT Sumber Pangan Nusantara,Opening cost basis,TRUE
SRC-0015,SS-SRC-0015,Sarden Kaleng 155 gr,2023-04-26,,9000,PT Mitra Distribusi Utama,Opening cost basis,TRUE
SRC-0016,SS-SRC-0016,Kornet Sapi Kaleng 198 gr,2023-04-22,,14450,PT Mitra Distribusi Utama,Opening cost basis,TRUE
SRC-0017,SS-SRC-0017,Nugget Ayam 500 gr,2022-09-13,,21100,CV Berkah Sembako,Opening cost basis,TRUE
SRC-0018,SS-SRC-0018,Sosis Ayam 500 gr,2023-10-12,,20100,PT Aneka Konsumsi Jaya,Opening cost basis,TRUE
SRC-0019,SS-SRC-0019,Keripik Kentang Original 68 gr,2024-06-01,,7650,PT Aneka Konsumsi Jaya,Opening cost basis,TRUE
SRC-0020,SS-SRC-0020,Biskuit Cokelat 300 gr,2022-10-17,,9800,PT Global FMCG Supply,Opening cost basis,TRUE
SRC-0021,SS-SRC-0021,Wafer Cokelat 145 gr,2024-11-30,,6850,PT Mitra Distribusi Utama,Opening cost basis,TRUE
SRC-0022,SS-SRC-0022,Cokelat Batang 65 gr,2024-11-19,,7900,PT Aneka Konsumsi Jaya,Opening cost basis,TRUE
SRC-0023,SS-SRC-0023,Permen Mint 125 gr,2024-09-18,,6000,PT Sentra Bahan Pokok,Opening cost basis,TRUE
SRC-0024,SS-SRC-0024,Kacang Atom 200 gr,2024-11-16,,9350,PT Aneka Konsumsi Jaya,Opening cost basis,TRUE
SRC-0025,SS-SRC-0025,Kerupuk Udang 200 gr,2022-08-23,,6550,PT Global FMCG Supply,Opening cost basis,TRUE
SRC-0026,SS-SRC-0026,Biskuit Marie 250 gr,2024-11-26,,7100,PT Aneka Konsumsi Jaya,Opening cost basis,TRUE
SRC-0027,SS-SRC-0027,Kecap Manis 520 ml,2023-06-22,2025-07-31,11850,CV Berkah Sembako,Opening cost basis,FALSE
SRC-0027,SS-SRC-0027,Kecap Manis 520 ml,2025-08-01,,11750,CV Berkah Sembako,Supplier price decrease,TRUE
SRC-0028,SS-SRC-0028,Saus Sambal 335 ml,2024-10-21,,9550,CV Berkah Sembako,Opening cost basis,TRUE
SRC-0029,SS-SRC-0029,Saus Tomat 335 ml,2023-09-15,,8400,PT Sumber Pangan Nusantara,Opening cost basis,TRUE
SRC-0030,SS-SRC-0030,Garam Beryodium 250 gr,2024-07-23,,2600,PT Sentra Bahan Pokok,Opening cost basis,TRUE
SRC-0031,SS-SRC-0031,Gula Pasir 1 kg,2023-02-15,,10050,PT Sumber Pangan Nusantara,Opening cost basis,TRUE
SRC-0032,SS-SRC-0032,Kaldu Ayam Blok 100 gr,2023-09-20,,5600,PT Mitra Distribusi Utama,Opening cost basis,TRUE
SRC-0033,SS-SRC-0033,Merica Bubuk 30 gr,2023-03-05,,6850,PT Global FMCG Supply,Opening cost basis,TRUE
SRC-0034,SS-SRC-0034,Bawang Goreng 100 gr,2024-11-21,,11650,PT Aneka Konsumsi Jaya,Opening cost basis,TRUE
SRC-0035,SS-SRC-0035,Sabun Cair 450 ml,2023-04-06,,21050,PT Sumber Pangan Nusantara,Opening cost basis,TRUE
SRC-0036,SS-SRC-0036,Shampoo Anti Ketombe 340 ml,2024-10-03,,27700,PT Sentra Bahan Pokok,Opening cost basis,TRUE
SRC-0037,SS-SRC-0037,Pasta Gigi 190 gr,2024-11-03,,12050,PT Aneka Konsumsi Jaya,Opening cost basis,TRUE
SRC-0038,SS-SRC-0038,Deodoran Roll On 50 ml,2024-11-09,,13700,PT Global FMCG Supply,Opening cost basis,TRUE
SRC-0039,SS-SRC-0039,Sabun Batang 85 gr,2024-06-24,2025-08-31,2900,PT Sentra Bahan Pokok,Opening cost basis,FALSE
SRC-0039,SS-SRC-0039,Sabun Batang 85 gr,2025-09-01,,3050,PT Sentra Bahan Pokok,Supplier price increase,TRUE
SRC-0040,SS-SRC-0040,Hand Sanitizer 100 ml,2023-04-30,,8850,CV Berkah Sembako,Opening cost basis,TRUE
SRC-0041,SS-SRC-0041,Deterjen Bubuk 800 gr,2023-11-23,,17800,PT Aneka Konsumsi Jaya,Opening cost basis,TRUE
SRC-0042,SS-SRC-0042,Deterjen Cair 1 L,2023-04-24,,23350,PT Sentra Bahan Pokok,Opening cost basis,TRUE
SRC-0043,SS-SRC-0043,Pembersih Lantai 800 ml,2023-10-28,2025-08-31,13700,PT Sumber Pangan Nusantara,Opening cost basis,FALSE
SRC-0043,SS-SRC-0043,Pembersih Lantai 800 ml,2025-09-01,,12700,PT Sumber Pangan Nusantara,Supplier price decrease,TRUE
SRC-0044,SS-SRC-0044,Sabun Cuci Piring 750 ml,2023-08-16,,12750,PT Mitra Distribusi Utama,Opening cost basis,TRUE
SRC-0045,SS-SRC-0045,Pemutih Pakaian 1 L,2023-07-17,,10950,PT Mitra Distribusi Utama,Opening cost basis,TRUE
SRC-0046,SS-SRC-0046,Pelembut Pakaian 1 L,2024-03-14,,12850,PT Mitra Distribusi Utama,Opening cost basis,TRUE
SRC-0047,SS-SRC-0047,Kopi Bubuk 250 gr,2023-04-08,2025-08-31,27350,PT Aneka Konsumsi Jaya,Opening cost basis,FALSE
SRC-0047,SS-SRC-0047,Kopi Bubuk 250 gr,2025-09-01,,28850,PT Aneka Konsumsi Jaya,Supplier price increase,TRUE
SRC-0048,SS-SRC-0048,Kopi Instan Sachet (10x),2023-03-24,,11900,PT Mitra Distribusi Utama,Opening cost basis,TRUE
SRC-0049,SS-SRC-0049,Teh Celup 25 Bags,2023-12-31,,7900,PT Aneka Konsumsi Jaya,Opening cost basis,TRUE
SRC-0050,SS-SRC-0050,Kopi Susu Sachet (10x),2024-07-28,2025-07-31,17400,PT Global FMCG Supply,Opening cost basis,FALSE
SRC-0050,SS-SRC-0050,Kopi Susu Sachet (10x),2025-08-01,,18250,PT Global FMCG Supply,Supplier price increase,TRUE
