Product ID,Product Name,Seller SKU,SKU ID,Variation,Category,Price,Inventory,Available Inventory,Committed Inventory,Inbound Inventory,Sales (30d),Weight (gr),Warehouse,Last Updated
1274830864303712499,Air Mineral 600 ml - 600 ml,SS-SRC-0001,3016579388887034202,600 ml,Minuman,4000,73,73,0,0,15,620,Jabodetabek Warehouse,2025-09-28 07:32:00
1274830864303712499,Air Mineral 600 ml - 600 ml,SS-SRC-0001,3016579388887034202,600 ml,Minuman,4000,63,62,1,0,0,620,Medan Warehouse,2025-09-28 07:32:00
9017880294935156107,Air Mineral 1500 ml - 1500 ml,SS-SRC-0002,7998762617471362847,1500 ml,Minuman,6600,54,54,0,0,6,1550,Jabodetabek Warehouse,2025-09-27 00:08:00
9017880294935156107,Air Mineral 1500 ml - 1500 ml,SS-SRC-0002,7998762617471362847,1500 ml,Minuman,6600,50,50,0,0,0,1550,Medan Warehouse,2025-09-27 00:08:00
1892051149799221885,Teh Kotak Original 300 ml - Original,SS-SRC-0003,8816755856521171598,Original,Minuman,5500,71,68,3,0,5,330,Jabodetabek Warehouse,2025-09-22 02:08:00
1892051149799221885,Teh Kotak Original 300 ml - Original,SS-SRC-0003,8816755856521171598,Original,Minuman,5500,62,60,2,0,0,330,Medan Warehouse,2025-09-22 02:08:00
3704092307918063857,Jus Jeruk 1 L - 1 L,SS-SRC-0004,6798178739033726258,1 L,Minuman,21400,10,9,1,234,1,1100,Jabodetabek Warehouse,2025-09-29 08:59:59
5181971900251588409,Susu UHT Cokelat 1 L - Cokelat,SS-SRC-0005,8693310826810980143,Cokelat,Minuman,19300,73,72,1,0,4,1050,Jabodetabek Warehouse,2025-09-10 07:53:00
7725007747957220359,Susu UHT Plain 1 L - Plain,SS-SRC-0006,2507121991066054091,Plain,Minuman,18300,64,64,0,0,2,1050,Jabodetabek Warehouse,2025-09-14 06:55:00
8579791085629793529,Susu Kental Manis 370 gr - 370 gr,SS-SRC-0007,8425236935745452195,370 gr,Minuman,12000,50,50,0,0,5,410,Jabodetabek Warehouse,2025-09-26 02:13:00
8579791085629793529,Susu Kental Manis 370 gr - 370 gr,SS-SRC-0007,8425236935745452195,370 gr,Minuman,12000,22,21,1,0,0,410,Surabaya Warehouse,2025-09-26 02:13:00
3443088376238390147,Minuman Isotonik 500 ml - 500 ml,SS-SRC-0008,3274737258927935517,500 ml,Minuman,7400,8,6,2,190,2,550,Jabodetabek Warehouse,2025-09-30 04:59:59
5551880211631722664,Susu Kedelai 250 ml - 250 ml,SS-SRC-0009,7970860036377925336,250 ml,Minuman,6200,32,31,1,0,0,280,Jabodetabek Warehouse,2025-08-10 23:59:59
5880218456799190530,Susu Fermentasi 200 ml - 200 ml,SS-SRC-0010,9956617168277777644,200 ml,Minuman,8700,49,49,0,0,0,230,Jabodetabek Warehouse,2025-08-15 23:59:59
2458747800996857498,Mie Instan Goreng 85 gr - Goreng,SS-SRC-0011,1029932745726049443,Goreng,Makanan Instan,3600,185,183,2,0,4,90,Jabodetabek Warehouse,2025-09-14 02:55:00
6893268885523113079,Mie Instan Kuah Ayam 75 gr - Kuah Ayam,SS-SRC-0012,6616758820852609492,Kuah Ayam,Makanan Instan,3300,65,65,0,0,3,80,Jabodetabek Warehouse,2025-09-21 23:10:00
9569422206631894267,Mie Instan Kuah Sapi 75 gr - Kuah Sapi,SS-SRC-0013,9104778764294835893,Kuah Sapi,Makanan Instan,3300,109,109,0,0,5,80,Jabodetabek Warehouse,2025-09-29 06:08:00
7085127283480085341,Bubur Instan Ayam 40 gr - Ayam,SS-SRC-0014,9733137625552788254,Ayam,Makanan Instan,4500,53,53,0,0,0,50,Jabodetabek Warehouse,2025-08-22 00:18:00
3875075356094878438,Sarden Kaleng 155 gr - 155 gr,SS-SRC-0015,6994067111485615417,155 gr,Makanan Instan,13000,75,75,0,0,1,200,Jabodetabek Warehouse,2025-09-03 23:39:00
3875075356094878438,Sarden Kaleng 155 gr - 155 gr,SS-SRC-0015,6994067111485615417,155 gr,Makanan Instan,13000,38,38,0,0,0,200,Surabaya Warehouse,2025-09-03 23:39:00
6109024271550342754,Kornet Sapi Kaleng 198 gr - 198 gr,SS-SRC-0016,6427402121125874835,198 gr,Makanan Instan,21100,8,4,4,111,0,250,Jabodetabek Warehouse,2025-09-29 02:59:59
7170230914338670907,Nugget Ayam 500 gr - 500 gr,SS-SRC-0017,2975985799229087719,500 gr,Makanan Instan,32700,10,7,3,70,0,530,Jabodetabek Warehouse,2025-09-30 00:59:59
4975745439398041594,Sosis Ayam 500 gr - 500 gr,SS-SRC-0018,4906823234602090207,500 gr,Makanan Instan,29100,0,0,0,298,1,510,Jabodetabek Warehouse,2025-09-19 02:22:00
8947526437076181361,Keripik Kentang Original 68 gr - Original,SS-SRC-0019,3293449872960458279,Original,Snack,10700,62,62,0,0,2,80,Jabodetabek Warehouse,2025-09-27 00:20:00
8947526437076181361,Keripik Kentang Original 68 gr - Original,SS-SRC-0019,3293449872960458279,Original,Snack,10700,44,44,0,0,0,80,Surabaya Warehouse,2025-09-27 00:20:00
8452689775761359924,Biskuit Cokelat 300 gr - 300 gr,SS-SRC-0020,8894901096412438503,300 gr,Snack,14700,68,68,0,0,5,320,Jabodetabek Warehouse,2025-09-13 08:22:00
4748508080679378274,Wafer Cokelat 145 gr - 145 gr,SS-SRC-0021,5439747823840459287,145 gr,Snack,10000,38,38,0,0,0,160,Jabodetabek Warehouse,2025-08-09 04:33:00
4901555392492476402,Cokelat Batang 65 gr - 65 gr,SS-SRC-0022,9829696716179755544,65 gr,Snack,11700,5,1,4,233,4,75,Jabodetabek Warehouse,2025-09-30 05:59:59
1539413171727586886,Permen Mint 125 gr - 125 gr,SS-SRC-0023,7785977695135410368,125 gr,Snack,8200,57,57,0,0,0,140,Jabodetabek Warehouse,2025-08-17 05:19:00
8852249048445759315,Kacang Atom 200 gr - 200 gr,SS-SRC-0024,1631997721075661206,200 gr,Snack,12700,66,63,3,0,3,210,Jabodetabek Warehouse,2025-09-16 01:04:00
6383426661486795666,Kerupuk Udang 200 gr - 200 gr,SS-SRC-0025,5821819503425009203,200 gr,Snack,8900,0,0,0,260,3,200,Jabodetabek Warehouse,2025-09-11 07:28:00
6953693924981990396,Biskuit Marie 250 gr - 250 gr,SS-SRC-0026,5217152359719803842,250 gr,Snack,10700,0,0,0,52,2,270,Jabodetabek Warehouse,2025-09-20 03:56:00
3446042112706324684,Kecap Manis 520 ml - 520 ml,SS-SRC-0027,9607798491129359464,520 ml,Bumbu & Rempah,17100,105,103,2,0,2,640,Jabodetabek Warehouse,2025-09-19 23:17:00
3446042112706324684,Kecap Manis 520 ml - 520 ml,SS-SRC-0027,9607798491129359464,520 ml,Bumbu & Rempah,17100,77,75,2,0,0,640,Surabaya Warehouse,2025-09-19 23:17:00
8444183041317752409,Saus Sambal 335 ml - 335 ml,SS-SRC-0028,5878616825638354406,335 ml,Bumbu & Rempah,13900,83,83,0,0,2,400,Jabodetabek Warehouse,2025-09-12 03:47:00
8444183041317752409,Saus Sambal 335 ml - 335 ml,SS-SRC-0028,5878616825638354406,335 ml,Bumbu & Rempah,13900,30,29,1,0,0,400,Surabaya Warehouse,2025-09-12 03:47:00
3598742930813918425,Saus Tomat 335 ml - 335 ml,SS-SRC-0029,2942715647332327595,335 ml,Bumbu & Rempah,13400,43,43,0,0,2,400,Jabodetabek Warehouse,2025-09-29 08:24:00
3598742930813918425,Saus Tomat 335 ml - 335 ml,SS-SRC-0029,2942715647332327595,335 ml,Bumbu & Rempah,13400,41,40,1,0,0,400,Medan Warehouse,2025-09-29 08:24:00
4906796920540002083,Garam Beryodium 250 gr - 250 gr,SS-SRC-0030,3551924680123492380,250 gr,Bumbu & Rempah,3600,132,132,0,0,5,260,Jabodetabek Warehouse,2025-09-22 02:39:00
1694002050486486088,Gula Pasir 1 kg - 1 kg,SS-SRC-0031,9145218804464409507,1 kg,Bumbu & Rempah,15700,77,71,6,0,5,1010,Jabodetabek Warehouse,2025-09-15 01:49:00
1694002050486486088,Gula Pasir 1 kg - 1 kg,SS-SRC-0031,9145218804464409507,1 kg,Bumbu & Rempah,15700,36,33,3,0,0,1010,Surabaya Warehouse,2025-09-15 01:49:00
4363316550687392999,Kaldu Ayam Blok 100 gr - Ayam,SS-SRC-0032,9606217826197546633,Ayam,Bumbu & Rempah,7300,85,80,5,0,4,120,Jabodetabek Warehouse,2025-09-14 05:25:00
8195302353946980042,Merica Bubuk 30 gr - 30 gr,SS-SRC-0033,9154703284600604343,30 gr,Bumbu & Rempah,9400,50,50,0,0,0,45,Jabodetabek Warehouse,2025-08-16 23:59:59
4802744767555862032,Bawang Goreng 100 gr - 100 gr,SS-SRC-0034,2654310115628049978,100 gr,Bumbu & Rempah,15400,55,55,0,0,0,115,Jabodetabek Warehouse,2025-09-30 23:59:59
1357171429701472912,Sabun Cair 450 ml - 450 ml,SS-SRC-0035,5341349175503144055,450 ml,Perawatan Tubuh,29200,74,71,3,0,1,490,Jabodetabek Warehouse,2025-09-29 08:18:00
2781307911842557786,Shampoo Anti Ketombe 340 ml - Anti Ketombe,SS-SRC-0036,4027682109776059856,Anti Ketombe,Perawatan Tubuh,42300,72,65,7,0,1,400,Jabodetabek Warehouse,2025-09-15 04:34:00
9089251550218094950,Pasta Gigi 190 gr - 190 gr,SS-SRC-0037,3409284955653549218,190 gr,Perawatan Tubuh,18600,64,59,5,0,0,215,Jabodetabek Warehouse,2025-08-31 00:37:00
6591289763265479281,Deodoran Roll On 50 ml - 50 ml,SS-SRC-0038,5717045169608122735,50 ml,Perawatan Tubuh,20800,33,32,1,0,0,65,Jabodetabek Warehouse,2025-08-10 06:32:00
4978016376320007766,Sabun Batang 85 gr - 85 gr,SS-SRC-0039,9751822380817042858,85 gr,Perawatan Tubuh,4400,16,16,0,0,0,90,Jabodetabek Warehouse,2025-08-03 03:07:00
4978016376320007766,Sabun Batang 85 gr - 85 gr,SS-SRC-0039,9751822380817042858,85 gr,Perawatan Tubuh,4400,12,11,1,0,0,90,Medan Warehouse,2025-08-03 03:07:00
7132891487184248574,Hand Sanitizer 100 ml - 100 ml,SS-SRC-0040,4496997968836013159,100 ml,Perawatan Tubuh,11900,5,2,3,0,1,125,Jabodetabek Warehouse,2025-09-15 02:19:00
4965018305677133889,Deterjen Bubuk 800 gr - 800 gr,SS-SRC-0041,6349415387251834267,800 gr,Perawatan Rumah,24500,56,55,1,0,8,860,Jabodetabek Warehouse,2025-09-27 04:12:00
4965018305677133889,Deterjen Bubuk 800 gr - 800 gr,SS-SRC-0041,6349415387251834267,800 gr,Perawatan Rumah,24500,56,54,2,0,0,860,Surabaya Warehouse,2025-09-27 04:12:00
1782100782788538712,Deterjen Cair 1 L - 1 L,SS-SRC-0042,5754205627371633104,1 L,Perawatan Rumah,32200,145,142,3,0,4,1120,Jabodetabek Warehouse,2025-09-28 23:59:00
1426246332815031823,Pembersih Lantai 800 ml - 800 ml,SS-SRC-0043,6638007260876802307,800 ml,Perawatan Rumah,18100,59,57,2,0,1,910,Jabodetabek Warehouse,2025-09-08 06:27:00
7051067084803619908,Sabun Cuci Piring 750 ml - 750 ml,SS-SRC-0044,1051141875058869708,750 ml,Perawatan Rumah,16600,34,32,2,0,8,860,Jabodetabek Warehouse,2025-09-29 08:36:00
7051067084803619908,Sabun Cuci Piring 750 ml - 750 ml,SS-SRC-0044,1051141875058869708,750 ml,Perawatan Rumah,16600,14,12,2,0,0,860,Surabaya Warehouse,2025-09-29 08:36:00
3298448396478981497,Pemutih Pakaian 1 L - 1 L,SS-SRC-0045,8824521752496525445,1 L,Perawatan Rumah,14600,0,0,0,203,7,1120,Jabodetabek Warehouse,2025-09-22 01:05:00
9364258579835792979,Pelembut Pakaian 1 L - 1 L,SS-SRC-0046,5112827094063470107,1 L,Perawatan Rumah,20100,44,44,0,0,2,1060,Jabodetabek Warehouse,2025-09-15 08:18:00
1714657799457176983,Kopi Bubuk 250 gr - 250 gr,SS-SRC-0047,3635377058123538523,250 gr,Kopi & Teh,35300,125,125,0,0,9,265,Jabodetabek Warehouse,2025-09-19 03:53:00
2409379781562511857,Kopi Instan Sachet (10x) - 10 sachet,SS-SRC-0048,2973367008294068878,10 sachet,Kopi & Teh,18700,139,138,1,0,3,140,Jabodetabek Warehouse,2025-09-19 00:39:00
9345661867765842059,Teh Celup 25 Bags - 25 bags,SS-SRC-0049,6387181721811768831,25 bags,Kopi & Teh,12700,121,114,7,0,12,95,Jabodetabek Warehouse,2025-09-22 01:33:00
7949581433550790910,Kopi Susu Sachet (10x) - 10 sachet,SS-SRC-0050,8871667945541610041,10 sachet,Kopi & Teh,22900,58,57,1,0,7,210,Jabodetabek Warehouse,2025-09-29 00:47:00
7949581433550790910,Kopi Susu Sachet (10x) - 10 sachet,SS-SRC-0050,8871667945541610041,10 sachet,Kopi & Teh,22900,35,33,2,0,0,210,Medan Warehouse,2025-09-29 00:47:00
