Order ID,Order Status,Order Substatus,Cancel/Return Type,Seller SKU,Product Name,Variation,SKU ID,Quantity,Sku Unit Original Price,Sku Subtotal Before Discount,Sku Platform Discount,Sku Seller Discount,Sku Subtotal After Discount,Shipping Fee After Discount,Original Shipping Fee,Buyer Username,Receiver Name,Phone Number,Delivery Address,City,Province,Postal Code,Payment Method,Courier,Warehouse,Order Channel,Created Time,Paid Time,RTS Time,Shipped Time,Delivered Time,Cancelled Time,Order Amount,Order Refund Amount,Buyer Note
6691042568888270120,To Ship,Awaiting shipment,,SS-SRC-0038,Deodoran Roll On 50 ml - 50 ml,50 ml,5717045169608122735,1,20800,20800,1750,2100,16950,0,22000,user99163380,Eko Permata,0812284070,"Jl. Ahmad Yani No. 79, RT 12/RW 08, Kel. Cibubur",Balikpapan,Kalimantan Timur,76284,OVO,SiCepat REG,Jabodetabek Warehouse,TikTok Shop,2025-07-02 12:13:58,2025-07-02 12:30:58,2025-07-03 20:30:58,,,,9450,0,
4451093438517683076,In Transit,In transit,,SS-SRC-0028,Saus Sambal 335 ml - 335 ml,335 ml,5878616825638354406,2,13900,27800,3900,3700,20200,0,18500,citra636,Citra Pratama,0876867454,"Jl. Kenanga No. 56, RT 06/RW 02, Kel. Wonokromo",Depok,Jawa Barat,16258,Alfamart,TikTok Shop Logistics,Medan Warehouse,TikTok Shop,2025-07-02 12:19:01,2025-07-02 14:13:01,2025-07-02 23:13:01,2025-07-03 09:13:01,,,107900,0,"Sudah langganan, tolong bonus sachet"
4451093438517683076,In Transit,In transit,,SS-SRC-0017,Nugget Ayam 500 gr - 500 gr,500 gr,2975985799229087719,3,32700,98100,2850,2550,92700,,,citra636,Citra Pratama,0876867454,"Jl. Kenanga No. 56, RT 06/RW 02, Kel. Wonokromo",Depok,Jawa Barat,16258,Alfamart,TikTok Shop Logistics,Medan Warehouse,TikTok Shop,2025-07-02 12:19:01,2025-07-02 14:13:01,2025-07-02 23:13:01,2025-07-03 09:13:01,,,,,
7444879437458583208,Completed,Delivered,,SS-SRC-0001,Air Mineral 600 ml - 600 ml,600 ml,3016579388887034202,2,4000,8000,1400,500,6100,0,22500,gita209,Gita Permata,0883339816,"Jl. Ahmad Yani No. 141, RT 08/RW 10, Kel. Kuta",Pekanbaru,Riau,28244,COD,TikTok Shop Logistics,Surabaya Warehouse,TikTok Shop,2025-07-02 19:07:19,2025-07-02 19:33:19,2025-07-03 14:33:19,2025-07-03 16:33:19,2025-07-07 16:33:19,,6100,0,Titip di security
4441438282580921470,Completed,Delivered,,SS-SRC-0035,Sabun Cair 450 ml - 450 ml,450 ml,5341349175503144055,1,29200,29200,3150,2600,23450,12000,21000,oka361,Oka Ramadhan,0882808690,"Jl. Kenanga No. 196, RT 06/RW 02, Kel. Cikini",Denpasar,Bali,80569,DANA,AnterAja,Surabaya Warehouse,TikTok Shop,2025-07-02 21:32:52,2025-07-02 23:31:52,2025-07-03 07:31:52,2025-07-03 10:31:52,2025-07-10 10:31:52,,47000,0,
4441438282580921470,Completed,Delivered,,SS-SRC-0031,Gula Pasir 1 kg - 1 kg,1 kg,9145218804464409507,1,15700,15700,2150,2000,11550,,,oka361,Oka Ramadhan,0882808690,"Jl. Kenanga No. 196, RT 06/RW 02, Kel. Cikini",Denpasar,Bali,80569,DANA,AnterAja,Surabaya Warehouse,TikTok Shop,2025-07-02 21:32:52,2025-07-02 23:31:52,2025-07-03 07:31:52,2025-07-03 10:31:52,2025-07-10 10:31:52,,,,
9666435381277911285,To Ship,Awaiting shipment,,SS-SRC-0022,Cokelat Batang 65 gr - 65 gr,65 gr,9829696716179755544,1,11700,11700,650,400,10650,0,13500,maya481,Maya Wijaya,0826702129,"Jl. Melati No. 106, RT 11/RW 12, Kel. Kuta",Surabaya,Jawa Timur,60505,GoPay,SiCepat REG,Surabaya Warehouse,TikTok Shop,2025-07-03 11:26:13,2025-07-03 11:27:13,2025-07-04 15:27:13,,,,10650,0,
5319594583135339283,Completed,Delivered,,SS-SRC-0014,Bubur Instan Ayam 40 gr - Ayam,Ayam,9733137625552788254,5,4500,22500,4250,500,17750,16000,16000,sari936,Sari Setiawan,0846578001,"Jl. Ahmad Yani No. 124, RT 05/RW 12, Kel. Rawa Belong",Depok,Jawa Barat,16923,DANA,TikTok Shop Logistics,Surabaya Warehouse,TikTok Shop,2025-07-03 13:08:05,2025-07-03 14:07:05,2025-07-04 15:07:05,2025-07-05 13:07:05,2025-07-11 13:07:05,,94100,0,
5319594583135339283,Completed,Delivered,,SS-SRC-0020,Biskuit Cokelat 300 gr - 300 gr,300 gr,8894901096412438503,3,14700,44100,8700,4800,30600,,,sari936,Sari Setiawan,0846578001,"Jl. Ahmad Yani No. 124, RT 05/RW 12, Kel. Rawa Belong",Depok,Jawa Barat,16923,DANA,TikTok Shop Logistics,Surabaya Warehouse,TikTok Shop,2025-07-03 13:08:05,2025-07-03 14:07:05,2025-07-04 15:07:05,2025-07-05 13:07:05,2025-07-11 13:07:05,,,,
5319594583135339283,Completed,Delivered,,SS-SRC-0008,Minuman Isotonik 500 ml - 500 ml,500 ml,3274737258927935517,5,7400,37000,2750,4500,29750,,,sari936,Sari Setiawan,0846578001,"Jl. Ahmad Yani No. 124, RT 05/RW 12, Kel. Rawa Belong",Depok,Jawa Barat,16923,DANA,TikTok Shop Logistics,Surabaya Warehouse,TikTok Shop,2025-07-03 13:08:05,2025-07-03 14:07:05,2025-07-04 15:07:05,2025-07-05 13:07:05,2025-07-11 13:07:05,,,,
5784008228719124388,In Transit,In transit,,SS-SRC-0013,Mie Instan Kuah Sapi 75 gr - Kuah Sapi,Kuah Sapi,9104778764294835893,1,3300,3300,450,150,2700,0,18500,eko.ramadhan,Eko Ramadhan,0865079923,"Jl. Pahlawan No. 121, RT 12/RW 12, Kel. Menteng",Pekanbaru,Riau,28822,COD,JNE Reguler,Surabaya Warehouse,TikTok Shop,2025-07-03 22:07:12,2025-07-03 23:06:12,2025-07-05 11:06:12,2025-07-05 22:06:12,,,2700,0,
8183025137458381886,Completed,Delivered,,SS-SRC-0043,Pembersih Lantai 800 ml - 800 ml,800 ml,6638007260876802307,1,18100,18100,1650,2000,14450,7500,9500,maya626,Maya Wijaya,0839990423,"Jl. Merdeka No. 8, RT 03/RW 12, Kel. Rawa Belong",Balikpapan,Kalimantan Timur,76209,DANA,SiCepat REG,Medan Warehouse,TikTok Shop,2025-07-04 01:19:17,2025-07-04 02:10:17,2025-07-04 16:10:17,2025-07-05 03:10:17,2025-07-10 03:10:17,,19950,0,
1345272910278290231,To Ship,Awaiting shipment,,SS-SRC-0008,Minuman Isotonik 500 ml - 500 ml,500 ml,3274737258927935517,1,7400,7400,1300,550,5550,0,15500,rahmat895,Rahmat Hidayat,0819213734,"Jl. Gatot Subroto No. 165, RT 09/RW 10, Kel. Cikini",Tangerang,Banten,15537,COD,TikTok Shop Logistics,Surabaya Warehouse,TikTok Shop,2025-07-04 10:32:34,2025-07-04 11:34:34,2025-07-05 23:34:34,,,,4050,0,
7263252319492562248,Completed,Delivered,,SS-SRC-0039,Sabun Batang 85 gr - 85 gr,85 gr,9751822380817042858,1,4400,4400,650,350,3400,5000,8000,lestari976,Lestari Pratama,0816832563,"Jl. Melati No. 98, RT 03/RW 06, Kel. Kebon Jeruk",Denpasar,Bali,80446,Kartu Kredit/Debit,SiCepat REG,Medan Warehouse,TikTok Shop,2025-07-04 14:10:43,2025-07-04 16:05:43,2025-07-04 20:05:43,2025-07-05 11:05:43,2025-07-10 11:05:43,,35700,0,
7263252319492562248,Completed,Delivered,,SS-SRC-0046,Pelembut Pakaian 1 L - 1 L,1 L,5112827094063470107,1,20100,20100,1200,900,18000,,,lestari976,Lestari Pratama,0816832563,"Jl. Melati No. 98, RT 03/RW 06, Kel. Kebon Jeruk",Denpasar,Bali,80446,Kartu Kredit/Debit,SiCepat REG,Medan Warehouse,TikTok Shop,2025-07-04 14:10:43,2025-07-04 16:05:43,2025-07-04 20:05:43,2025-07-05 11:05:43,2025-07-10 11:05:43,,,,
7263252319492562248,Completed,Delivered,,SS-SRC-0007,Susu Kental Manis 370 gr - 370 gr,370 gr,8425236935745452195,1,12000,12000,1350,1350,9300,,,lestari976,Lestari Pratama,0816832563,"Jl. Melati No. 98, RT 03/RW 06, Kel. Kebon Jeruk",Denpasar,Bali,80446,Kartu Kredit/Debit,SiCepat REG,Medan Warehouse,TikTok Shop,2025-07-04 14:10:43,2025-07-04 16:05:43,2025-07-04 20:05:43,2025-07-05 11:05:43,2025-07-10 11:05:43,,,,
6867287074157768351,Completed,Delivered,,SS-SRC-0044,Sabun Cuci Piring 750 ml - 750 ml,750 ml,1051141875058869708,1,16600,16600,2900,1300,12400,16000,16000,lestari.saputra,Lestari Saputra,0816835512,"Jl. Ahmad Yani No. 26, RT 10/RW 11, Kel. Tanah Abang",Pekanbaru,Riau,28965,Alfamart,SiCepat REG,Jabodetabek Warehouse,TikTok Shop,2025-07-04 19:56:40,2025-07-04 20:18:40,2025-07-05 05:18:40,2025-07-05 06:18:40,2025-07-09 06:18:40,,93400,0,
6867287074157768351,Completed,Delivered,,SS-SRC-0006,Susu UHT Plain 1 L - Plain,Plain,2507121991066054091,4,18300,73200,1200,7000,65000,,,lestari.saputra,Lestari Saputra,0816835512,"Jl. Ahmad Yani No. 26, RT 10/RW 11, Kel. Tanah Abang",Pekanbaru,Riau,28965,Alfamart,SiCepat REG,Jabodetabek Warehouse,TikTok Shop,2025-07-04 19:56:40,2025-07-04 20:18:40,2025-07-05 05:18:40,2025-07-05 06:18:40,2025-07-09 06:18:40,,,,
8718577316167493458,Completed,Delivered,,SS-SRC-0029,Saus Tomat 335 ml - 335 ml,335 ml,2942715647332327595,2,13400,26800,1500,3300,22000,7500,15500,budi945,Budi Halim,0835803109,"Jl. Cendrawasih No. 126, RT 02/RW 05, Kel. Gubeng",Depok,Jawa Barat,16398,Transfer Bank (BCA),JNE Reguler,Medan Warehouse,TikTok Shop,2025-07-04 21:21:06,2025-07-04 21:42:06,2025-07-06 07:42:06,2025-07-06 11:42:06,2025-07-10 11:42:06,,27000,0,
6779381621043568799,To Ship,Awaiting shipment,,SS-SRC-0031,Gula Pasir 1 kg - 1 kg,1 kg,9145218804464409507,2,15700,31400,4500,100,26800,9500,22500,user84217674,Fitri Maulana,0896506181,"Jl. Diponegoro No. 53, RT 10/RW 08, Kel. Tanah Abang",Semarang,Jawa Tengah,50738,COD,Ninja Xpress,Surabaya Warehouse,TikTok Shop,2025-07-05 20:45:26,2025-07-05 20:46:26,2025-07-07 00:46:26,,,,27800,0,
4150978805059215990,Completed,Delivered,,SS-SRC-0037,Pasta Gigi 190 gr - 190 gr,190 gr,3409284955653549218,1,18600,18600,1200,2700,14700,0,15500,nanda.hidayat,Nanda Hidayat,0852722031,"Jl. Kartini No. 67, RT 12/RW 08, Kel. Tanah Abang",Yogyakarta,DI Yogyakarta,55351,Alfamart,TikTok Shop Logistics,Jabodetabek Warehouse,TikTok Shop,2025-07-06 07:44:07,2025-07-06 08:37:07,2025-07-07 17:37:07,2025-07-08 06:37:07,2025-07-13 06:37:07,,87700,0,
4150978805059215990,Completed,Delivered,,SS-SRC-0050,Kopi Susu Sachet (10x) - 10 sachet,10 sachet,8871667945541610041,4,22900,91600,16800,1800,73000,,,nanda.hidayat,Nanda Hidayat,0852722031,"Jl. Kartini No. 67, RT 12/RW 08, Kel. Tanah Abang",Yogyakarta,DI Yogyakarta,55351,Alfamart,TikTok Shop Logistics,Jabodetabek Warehouse,TikTok Shop,2025-07-06 07:44:07,2025-07-06 08:37:07,2025-07-07 17:37:07,2025-07-08 06:37:07,2025-07-13 06:37:07,,,,
7278168145366577003,Completed,Delivered,,SS-SRC-0028,Saus Sambal 335 ml - 335 ml,335 ml,5878616825638354406,2,13900,27800,5200,1900,20700,12500,12500,hendra.kusuma,Hendra Kusuma,0846819677,"Jl. Kartini No. 6, RT 12/RW 11, Kel. Sukun",Tangerang,Banten,15729,TikTok Pay,SiCepat REG,Surabaya Warehouse,TikTok Shop,2025-07-06 08:04:08,2025-07-06 08:57:08,2025-07-07 03:57:08,2025-07-07 07:57:08,2025-07-13 07:57:08,,33200,0,
7323553071391953450,Completed,Delivered,,SS-SRC-0015,Sarden Kaleng 155 gr - 155 gr,155 gr,6994067111485615417,1,13000,13000,200,100,12700,24500,24500,umi143,Umi Wijaya,0836779296,"Jl. Thamrin No. 24, RT 12/RW 02, Kel. Menteng",Jakarta Barat,DKI Jakarta,11543,Kartu Kredit/Debit,AnterAja,Surabaya Warehouse,TikTok Shop,2025-07-06 17:55:29,2025-07-06 18:19:29,2025-07-08 02:19:29,2025-07-08 12:19:29,2025-07-14 12:19:29,,42200,0,
7323553071391953450,Completed,Delivered,,SS-SRC-0032,Kaldu Ayam Blok 100 gr - Ayam,Ayam,9606217826197546633,1,7300,7300,700,600,6000,,,umi143,Umi Wijaya,0836779296,"Jl. Thamrin No. 24, RT 12/RW 02, Kel. Menteng",Jakarta Barat,DKI Jakarta,11543,Kartu Kredit/Debit,AnterAja,Surabaya Warehouse,TikTok Shop,2025-07-06 17:55:29,2025-07-06 18:19:29,2025-07-08 02:19:29,2025-07-08 12:19:29,2025-07-14 12:19:29,,,,
7460271473833767542,Completed,Delivered,,SS-SRC-0030,Garam Beryodium 250 gr - 250 gr,250 gr,3551924680123492380,4,3600,14400,2200,200,12000,0,17000,andi821,Andi Maulana,0856204754,"Jl. Gatot Subroto No. 183, RT 09/RW 01, Kel. Cikini",Depok,Jawa Barat,16293,Transfer Bank (BNI),TikTok Shop Logistics,Surabaya Warehouse,TikTok Shop,2025-07-07 15:29:56,2025-07-07 16:37:56,2025-07-08 01:37:56,2025-07-08 18:37:56,2025-07-13 18:37:56,,11600,0,
7460271473833767542,Completed,Delivered,,SS-ORPHAN-0001,Mie Instan Goreng 85 gr - Goreng,Goreng,3016579388887034202,1,3500,3500,400,500,2600,,,andi821,Andi Maulana,0856204754,"Jl. Gatot Subroto No. 183, RT 09/RW 01, Kel. Cikini",Depok,Jawa Barat,16293,Transfer Bank (BNI),TikTok Shop Logistics,Surabaya Warehouse,TikTok Shop,2025-07-07 15:29:56,2025-07-07 16:37:56,2025-07-08 01:37:56,2025-07-08 18:37:56,2025-07-13 18:37:56,,,,
1625448323596024206,Completed,Delivered,,SS-SRC-0035,Sabun Cair 450 ml - 450 ml,450 ml,5341349175503144055,3,29200,87600,10350,600,76650,6500,16500,user64087642,Budi Santoso,0865674053,"Jl. Sudirman No. 80, RT 06/RW 11, Kel. Gubeng",Denpasar,Bali,80125,TikTok Pay,AnterAja,Medan Warehouse,TikTok Shop,2025-07-07 17:33:15,2025-07-07 18:04:15,2025-07-09 06:04:15,2025-07-10 00:04:15,2025-07-11 00:04:15,,74950,0,
1625448323596024206,Completed,Delivered,,SS-SRC-0023,Permen Mint 125 gr - 125 gr,125 gr,7785977695135410368,2,8200,16400,800,300,15300,,,user64087642,Budi Santoso,0865674053,"Jl. Sudirman No. 80, RT 06/RW 11, Kel. Gubeng",Denpasar,Bali,80125,TikTok Pay,AnterAja,Medan Warehouse,TikTok Shop,2025-07-07 17:33:15,2025-07-07 18:04:15,2025-07-09 06:04:15,2025-07-10 00:04:15,2025-07-11 00:04:15,,,,
5972851375333972220,Completed,Delivered,,SS-SRC-0001,Air Mineral 600 ml - 600 ml,600 ml,3016579388887034202,3,4000,12000,1950,450,9600,12000,21500,zaki.nugroho,Zaki Nugroho,0820641221,"Jl. Sudirman No. 50, RT 10/RW 05, Kel. Tanah Abang",Denpasar,Bali,80730,OVO,Ninja Xpress,Surabaya Warehouse,TikTok Shop,2025-07-07 22:47:19,2025-07-08 00:47:19,2025-07-09 05:47:19,2025-07-09 14:47:19,2025-07-15 14:47:19,,19100,0,
5980492599506248946,Completed,Delivered,,SS-SRC-0019,Keripik Kentang Original 68 gr - Original,Original,3293449872960458279,1,10700,10700,1550,1000,8150,0,10000,sari618,Sari Maulana,0895477263,"Jl. Ahmad Yani No. 122, RT 08/RW 05, Kel. Cikini",Jakarta Pusat,DKI Jakarta,10430,Alfamart,JNE Reguler,Medan Warehouse,TikTok Shop,2025-07-08 23:07:30,2025-07-09 00:21:30,2025-07-09 14:21:30,2025-07-09 19:21:30,2025-07-11 19:21:30,,7650,0,
5942441904309911194,Completed,Delivered,,SS-SRC-0004,Jus Jeruk 1 L - 1 L,1 L,6798178739033726258,3,21400,64200,7200,2400,54600,19000,24500,user22202914,Sari Halim,0832914929,"Jl. Kenanga No. 104, RT 12/RW 05, Kel. Kuta",Denpasar,Bali,80721,COD,AnterAja,Surabaya Warehouse,TikTok Shop,2025-07-10 04:06:06,2025-07-10 04:55:06,2025-07-10 09:55:06,2025-07-10 10:55:06,2025-07-15 10:55:06,,68600,0,"Jangan pakai plastik, pakai kardus"
5568379102832070569,Completed,Delivered,,SS-SRC-0035,Sabun Cair 450 ml - 450 ml,450 ml,5341349175503144055,1,29200,29200,3750,3900,21550,0,10000,budi.wijaya,Budi Wijaya,0878561216,"Jl. Raya Bogor No. 53, RT 09/RW 03, Kel. Sukun",Jakarta Selatan,DKI Jakarta,12858,Transfer Bank (BNI),SiCepat REG,Medan Warehouse,TikTok Shop,2025-07-10 17:52:18,2025-07-10 19:52:18,2025-07-10 21:52:18,2025-07-11 13:52:18,2025-07-16 13:52:18,,19050,0,
7562150135952559236,Completed,Delivered,,SS-SRC-0018,Sosis Ayam 500 gr - 500 gr,500 gr,4906823234602090207,3,29100,87300,2100,9450,75750,0,22500,kartika465,Kartika Maulana,0889230801,"Jl. Melati No. 24, RT 05/RW 06, Kel. Kuta",Tangerang,Banten,15764,Transfer Bank (BCA),AnterAja,Surabaya Warehouse,TikTok Shop,2025-07-10 20:57:44,2025-07-10 21:08:44,2025-07-12 08:08:44,2025-07-13 07:08:44,2025-07-17 07:08:44,,72750,0,
8278566664597385567,Completed,Delivered,,SS-SRC-0002,Air Mineral 1500 ml - 1500 ml,1500 ml,7998762617471362847,1,6600,6600,750,950,4900,13500,13500,user41670798,Wahyu Hidayat,0894947603,"Jl. Diponegoro No. 4, RT 03/RW 05, Kel. Gubeng",Denpasar,Bali,80222,Alfamart,AnterAja,Medan Warehouse,TikTok Shop,2025-07-11 15:19:12,2025-07-11 15:51:12,2025-07-12 03:51:12,2025-07-12 19:51:12,2025-07-13 19:51:12,,15400,0,Tolong dibungkus bubble wrap ya
5680745163802716291,Cancelled,Canceled by buyer,Alamat pengiriman tidak lengkap,SS-SRC-0035,Sabun Cair 450 ml - 450 ml,450 ml,5341349175503144055,1,29200,29200,2400,3750,23050,23000,23000,yuni.pratama,Yuni Pratama,0874926313,"Jl. Pahlawan No. 106, RT 11/RW 04, Kel. Menteng",Palembang,Sumatera Selatan,30397,COD,SiCepat REG,Surabaya Warehouse,TikTok Shop,2025-07-11 15:20:42,2025-07-11 16:13:42,,,,2025-07-12 08:20:42,44050,0,
8309186023376095496,Completed,Delivered,,SS-SRC-0012,Mie Instan Kuah Ayam 75 gr - Kuah Ayam,Kuah Ayam,6616758820852609492,1,3300,3300,150,150,3000,9000,9000,maya212,Maya Pratama,0890541748,"Jl. Ahmad Yani No. 187, RT 11/RW 04, Kel. Jatiasih",Tangerang,Banten,15284,Alfamart,TikTok Shop Logistics,Jabodetabek Warehouse,TikTok Shop,2025-07-11 19:12:55,2025-07-11 21:04:55,2025-07-12 19:04:55,2025-07-13 18:04:55,2025-07-17 18:04:55,,41800,0,
8309186023376095496,Completed,Delivered,,SS-SRC-0038,Deodoran Roll On 50 ml - 50 ml,50 ml,5717045169608122735,2,20800,41600,3100,5700,32800,,,maya212,Maya Pratama,0890541748,"Jl. Ahmad Yani No. 187, RT 11/RW 04, Kel. Jatiasih",Tangerang,Banten,15284,Alfamart,TikTok Shop Logistics,Jabodetabek Warehouse,TikTok Shop,2025-07-11 19:12:55,2025-07-11 21:04:55,2025-07-12 19:04:55,2025-07-13 18:04:55,2025-07-17 18:04:55,,,,
4307217697672953903,To Ship,Awaiting shipment,,SS-SRC-0049,Teh Celup 25 Bags - 25 bags,25 bags,6387181721811768831,2,12700,25400,0,2900,22500,12500,12500,budi567,Budi Ramadhan,0890776162,"Jl. Merdeka No. 140, RT 03/RW 05, Kel. Sukun",Jakarta Selatan,DKI Jakarta,12953,COD,Ninja Xpress,Medan Warehouse,TikTok Shop,2025-07-11 21:02:10,2025-07-11 22:28:10,2025-07-12 02:28:10,,,,35000,0,
7609499083893791196,Completed,Delivered,,SS-SRC-0006,Susu UHT Plain 1 L - Plain,Plain,2507121991066054091,1,18300,18300,1500,1950,14850,10500,16500,sari.santoso,Sari Santoso,0822510327,"Jl. Sudirman No. 119, RT 02/RW 11, Kel. Cikini",Bogor,Jawa Barat,16610,Alfamart,JNE Reguler,Jabodetabek Warehouse,TikTok Shop,2025-07-11 23:38:51,2025-07-11 23:57:51,2025-07-13 01:57:51,2025-07-13 08:57:51,2025-07-18 08:57:51,,25350,0,
6858729187513769146,Completed,Delivered,,SS-SRC-0001,Air Mineral 600 ml - 600 ml,600 ml,3016579388887034202,1,4000,4000,750,100,3150,0,25000,zaki.permata,Zaki Permata,0819031400,"Jl. Cendrawasih No. 85, RT 11/RW 12, Kel. Cibubur",Bekasi,Jawa Barat,17849,TikTok Pay,TikTok Shop Logistics,Surabaya Warehouse,TikTok Shop,2025-07-12 14:31:27,2025-07-12 14:56:27,2025-07-13 18:56:27,2025-07-14 13:56:27,2025-07-16 13:56:27,,24300,0,Kirim hari ini kalau bisa
6858729187513769146,Completed,Delivered,,SS-SRC-0041,Deterjen Bubuk 800 gr - 800 gr,800 gr,6349415387251834267,1,24500,24500,1950,1400,21150,,,zaki.permata,Zaki Permata,0819031400,"Jl. Cendrawasih No. 85, RT 11/RW 12, Kel. Cibubur",Bekasi,Jawa Barat,17849,TikTok Pay,TikTok Shop Logistics,Surabaya Warehouse,TikTok Shop,2025-07-12 14:31:27,2025-07-12 14:56:27,2025-07-13 18:56:27,2025-07-14 13:56:27,2025-07-16 13:56:27,,,,
2454464227451999255,Cancelled,Canceled by buyer,Seller tidak dapat memenuhi pesanan,SS-SRC-0030,Garam Beryodium 250 gr - 250 gr,250 gr,3551924680123492380,1,3600,3600,650,0,2950,0,21500,user87258340,Putri Permata,0899792714,"Jl. Kartini No. 198, RT 09/RW 10, Kel. Tanah Abang",Makassar,Sulawesi Selatan,90202,Alfamart,J&T Express,Jabodetabek Warehouse,TikTok Shop,2025-07-14 05:21:32,,,,,2025-07-15 01:21:32,2950,0,
2848104576029072447,Completed,Delivered,,SS-SRC-0001,Air Mineral 600 ml - 600 ml,600 ml,3016579388887034202,2,4000,8000,100,200,7700,16500,16500,tono.saputra,Tono Saputra,0817693044,"Jl. Kenanga No. 144, RT 01/RW 07, Kel. Rawa Belong",Bogor,Jawa Barat,16300,Kartu Kredit/Debit,AnterAja,Surabaya Warehouse,TikTok Shop,2025-07-14 12:21:18,2025-07-14 13:21:18,2025-07-15 12:21:18,2025-07-16 07:21:18,2025-07-21 07:21:18,,23200,0,
6293019649938073060,Completed,Delivered,,SS-SRC-0018,Sosis Ayam 500 gr - 500 gr,500 gr,4906823234602090207,5,29100,145500,7750,17000,120750,18000,18000,fitri.setiawan,Fitri Setiawan,0842636120,"Jl. Ahmad Yani No. 139, RT 09/RW 03, Kel. Menteng",Denpasar,Bali,80614,DANA,Ninja Xpress,Medan Warehouse,TikTok Shop,2025-07-14 14:09:35,2025-07-14 15:28:35,2025-07-14 19:28:35,2025-07-15 09:28:35,2025-07-17 09:28:35,,138750,0,
1624614265367797451,Completed,Delivered,,SS-SRC-0015,Sarden Kaleng 155 gr - 155 gr,155 gr,6994067111485615417,2,13000,26000,4700,500,20800,9500,9500,tono899,Tono Wijaya,0811336919,"Jl. Merdeka No. 57, RT 04/RW 05, Kel. Jatiasih",Bogor,Jawa Barat,16579,Alfamart,SiCepat REG,Jabodetabek Warehouse,TikTok Shop,2025-07-14 20:00:08,2025-07-14 20:55:08,2025-07-15 07:55:08,2025-07-15 23:55:08,2025-07-20 23:55:08,,28300,0,
2950028482203561527,Completed,Delivered,,SS-SRC-0027,Kecap Manis 520 ml - 520 ml,520 ml,9607798491129359464,2,17100,34200,5900,4700,23600,0,20000,vina969,Vina Hidayat,0830869120,"Jl. Ahmad Yani No. 23, RT 05/RW 05, Kel. Cibubur",Jakarta Selatan,DKI Jakarta,12385,Transfer Bank (BCA),TikTok Shop Logistics,Surabaya Warehouse,TikTok Shop,2025-07-15 05:35:13,2025-07-15 06:22:13,2025-07-15 20:22:13,2025-07-16 19:22:13,2025-07-17 19:22:13,,21600,0,
4586846368052768074,Completed,Delivered,,SS-SRC-0035,Sabun Cair 450 ml - 450 ml,450 ml,5341349175503144055,1,29200,29200,4650,3450,21100,23500,23500,sari464,Sari Santoso,0823754633,"Jl. Kartini No. 190, RT 09/RW 04, Kel. Kuta",Pontianak,Kalimantan Barat,78762,DANA,JNE Reguler,Medan Warehouse,TikTok Shop,2025-07-15 11:16:09,2025-07-15 12:27:09,2025-07-15 17:27:09,2025-07-15 18:27:09,2025-07-21 18:27:09,,46950,0,
4586846368052768074,Completed,Delivered,,SS-SRC-0012,Mie Instan Kuah Ayam 75 gr - Kuah Ayam,Kuah Ayam,6616758820852609492,1,3300,3300,600,350,2350,,,sari464,Sari Santoso,0823754633,"Jl. Kartini No. 190, RT 09/RW 04, Kel. Kuta",Pontianak,Kalimantan Barat,78762,DANA,JNE Reguler,Medan Warehouse,TikTok Shop,2025-07-15 11:16:09,2025-07-15 12:27:09,2025-07-15 17:27:09,2025-07-15 18:27:09,2025-07-21 18:27:09,,,,
3673183890782209865,Completed,Delivered,,SS-SRC-0026,Biskuit Marie 250 gr - 250 gr,250 gr,5217152359719803842,5,10700,53500,10750,6000,36750,17500,22500,user30945115,Eko Maulana,0810576371,"Jl. Kenanga No. 85, RT 11/RW 12, Kel. Tanah Abang",Makassar,Sulawesi Selatan,90585,Transfer Bank (BNI),Ninja Xpress,Medan Warehouse,TikTok Shop,2025-07-15 12:58:01,2025-07-15 13:55:01,2025-07-16 12:55:01,2025-07-17 11:55:01,2025-07-18 11:55:01,,54250,0,
2304746948247223262,To Ship,Awaiting shipment,,SS-SRC-0035,Sabun Cair 450 ml - 450 ml,450 ml,5341349175503144055,3,29200,87600,2850,6000,78750,0,21000,user86234095,Rahmat Hidayat,0828729977,"Jl. Kartini No. 86, RT 01/RW 02, Kel. Tanah Abang",Bekasi,Jawa Barat,17911,TikTok Pay,AnterAja,Jabodetabek Warehouse,TikTok Shop,2025-07-16 09:19:56,2025-07-16 09:42:56,2025-07-17 06:42:56,,,,75750,0,
7726938193243439062,To Ship,Awaiting shipment,,SS-SRC-0044,Sabun Cuci Piring 750 ml - 750 ml,750 ml,1051141875058869708,3,16600,49800,4050,7050,38700,21500,21500,citra569,Citra Halim,0831343837,"Jl. Thamrin No. 90, RT 01/RW 02, Kel. Sukun",Depok,Jawa Barat,16287,COD,JNE Reguler,Jabodetabek Warehouse,TikTok Shop,2025-07-16 12:13:55,2025-07-16 12:46:55,2025-07-17 01:46:55,,,,108700,0,
7726938193243439062,To Ship,Awaiting shipment,,SS-SRC-0036,Shampoo Anti Ketombe 340 ml - Anti Ketombe,Anti Ketombe,4027682109776059856,2,42300,84600,7600,12500,64500,,,citra569,Citra Halim,0831343837,"Jl. Thamrin No. 90, RT 01/RW 02, Kel. Sukun",Depok,Jawa Barat,16287,COD,JNE Reguler,Jabodetabek Warehouse,TikTok Shop,2025-07-16 12:13:55,2025-07-16 12:46:55,2025-07-17 01:46:55,,,,,,
8786249663136113322,To Ship,Awaiting shipment,,SS-SRC-0043,Pembersih Lantai 800 ml - 800 ml,800 ml,6638007260876802307,2,18100,36200,2000,3200,31000,15000,15000,citra272,Citra Kusuma,0816379551,"Jl. Pahlawan No. 103, RT 04/RW 10, Kel. Kuta",Semarang,Jawa Tengah,50194,COD,JNE Reguler,Surabaya Warehouse,TikTok Shop,2025-07-16 12:27:12,2025-07-16 14:09:12,2025-07-16 20:09:12,,,,46000,0,
4359840774926478150,Completed,Delivered,,SS-SRC-0029,Saus Tomat 335 ml - 335 ml,335 ml,2942715647332327595,1,13400,13400,2000,500,10900,22000,22000,zaki654,Zaki Maulana,0881500378,"Jl. Cendrawasih No. 145, RT 12/RW 11, Kel. Menteng",Pontianak,Kalimantan Barat,78634,Transfer Bank (BCA),AnterAja,Jabodetabek Warehouse,TikTok Shop,2025-07-18 02:45:33,2025-07-18 03:20:33,2025-07-18 23:20:33,2025-07-19 20:20:33,2025-07-21 20:20:33,,46100,0,
4359840774926478150,Completed,Delivered,,SS-SRC-0009,Susu Kedelai 250 ml - 250 ml,250 ml,7970860036377925336,3,6200,18600,1500,2400,14700,,,zaki654,Zaki Maulana,0881500378,"Jl. Cendrawasih No. 145, RT 12/RW 11, Kel. Menteng",Pontianak,Kalimantan Barat,78634,Transfer Bank (BCA),AnterAja,Jabodetabek Warehouse,TikTok Shop,2025-07-18 02:45:33,2025-07-18 03:20:33,2025-07-18 23:20:33,2025-07-19 20:20:33,2025-07-21 20:20:33,,,,
8505410678546154315,Completed,Delivered,,SS-SRC-0044,Sabun Cuci Piring 750 ml - 750 ml,750 ml,1051141875058869708,2,16600,33200,6100,4000,23100,15000,15000,rahmat398,Rahmat Saputra,0892048427,"Jl. Pahlawan No. 30, RT 06/RW 06, Kel. Cibubur",Malang,Jawa Timur,65732,Transfer Bank (BCA),AnterAja,Jabodetabek Warehouse,TikTok Shop,2025-07-18 12:29:07,2025-07-18 13:00:07,2025-07-19 10:00:07,2025-07-19 14:00:07,2025-07-21 14:00:07,,38100,0,
4049187996825130987,Completed,Delivered,,SS-SRC-0042,Deterjen Cair 1 L - 1 L,1 L,5754205627371633104,1,32200,32200,5200,2250,24750,0,15000,joko899,Joko Nugroho,0812485938,"Jl. Kenanga No. 133, RT 08/RW 09, Kel. Gubeng",Semarang,Jawa Tengah,50694,COD,AnterAja,Surabaya Warehouse,TikTok Shop,2025-07-19 09:47:00,2025-07-19 10:12:00,2025-07-20 16:12:00,2025-07-21 08:12:00,2025-07-24 08:12:00,,26250,0,Titip di security
4049187996825130987,Completed,Delivered,,SS-SRC-0008,Minuman Isotonik 500 ml - 500 ml,500 ml,3274737258927935517,1,7400,7400,1000,400,6000,,,joko899,Joko Nugroho,0812485938,"Jl. Kenanga No. 133, RT 08/RW 09, Kel. Gubeng",Semarang,Jawa Tengah,50694,COD,AnterAja,Surabaya Warehouse,TikTok Shop,2025-07-19 09:47:00,2025-07-19 10:12:00,2025-07-20 16:12:00,2025-07-21 08:12:00,2025-07-24 08:12:00,,,,
7845535935217980871,Completed,Delivered,,SS-SRC-0033,Merica Bubuk 30 gr - 30 gr,30 gr,9154703284600604343,2,9400,18800,300,1200,17300,0,9500,dewi751,Dewi Santoso,0812268507,"Jl. Cendrawasih No. 47, RT 01/RW 06, Kel. Tanah Abang",Medan,Sumatera Utara,20437,TikTok Pay,AnterAja,Jabodetabek Warehouse,TikTok Shop,2025-07-19 12:55:37,2025-07-19 14:50:37,2025-07-20 16:50:37,2025-07-21 06:50:37,2025-07-24 06:50:37,,17300,0,
7532426202396442043,Completed,Delivered,,SS-SRC-0027,Kecap Manis 520 ml - 520 ml,520 ml,9607798491129359464,4,17100,68400,9600,7600,51200,17000,22500,user56885958,Rahmat Permata,0835076564,"Jl. Raya Bogor No. 154, RT 12/RW 02, Kel. Sukun",Medan,Sumatera Utara,20588,DANA,JNE Reguler,Surabaya Warehouse,TikTok Shop,2025-07-20 10:38:09,2025-07-20 12:02:09,2025-07-20 16:02:09,2025-07-21 06:02:09,2025-07-28 06:02:09,,68200,0,
5837887179598070525,Refund/Return,Returned,Barang rusak saat diterima,SS-SRC-0014,Bubur Instan Ayam 40 gr - Ayam,Ayam,9733137625552788254,1,4500,4500,400,550,3550,0,24000,kartika747,Kartika Hidayat,0833288072,"Jl. Pahlawan No. 55, RT 07/RW 08, Kel. Kuta",Surabaya,Jawa Timur,60966,OVO,TikTok Shop Logistics,Jabodetabek Warehouse,TikTok Shop,2025-07-20 12:20:18,2025-07-20 12:55:18,2025-07-20 23:55:18,2025-07-21 22:55:18,2025-07-28 22:55:18,,3550,3950,
4287995546197008210,Completed,Delivered,,SS-SRC-0019,Keripik Kentang Original 68 gr - Original,Original,3293449872960458279,2,10700,21400,600,1800,19000,12000,12000,sari699,Sari Wijaya,0896198970,"Jl. Melati No. 49, RT 04/RW 10, Kel. Cibubur",Pekanbaru,Riau,28612,Transfer Bank (BCA),JNE Reguler,Surabaya Warehouse,TikTok Shop,2025-07-20 20:57:00,2025-07-20 22:49:00,2025-07-21 04:49:00,2025-07-21 23:49:00,2025-07-22 23:49:00,,30000,0,
5941748669164208774,Completed,Delivered,,SS-SRC-0007,Susu Kental Manis 370 gr - 370 gr,370 gr,8425236935745452195,1,12000,12000,2150,700,9150,19000,19000,fitri304,Fitri Wijaya,0878633818,"Jl. Raya Bogor No. 96, RT 09/RW 03, Kel. Jatiasih",Jakarta Timur,DKI Jakarta,13656,GoPay,Ninja Xpress,Medan Warehouse,TikTok Shop,2025-07-22 21:04:52,2025-07-22 21:44:52,2025-07-23 07:44:52,2025-07-24 05:44:52,2025-07-25 05:44:52,,42900,0,Titip di security
5941748669164208774,Completed,Delivered,,SS-SRC-0006,Susu UHT Plain 1 L - Plain,Plain,2507121991066054091,1,18300,18300,1950,1600,14750,,,fitri304,Fitri Wijaya,0878633818,"Jl. Raya Bogor No. 96, RT 09/RW 03, Kel. Jatiasih",Jakarta Timur,DKI Jakarta,13656,GoPay,Ninja Xpress,Medan Warehouse,TikTok Shop,2025-07-22 21:04:52,2025-07-22 21:44:52,2025-07-23 07:44:52,2025-07-24 05:44:52,2025-07-25 05:44:52,,,,
8445599985893420051,Completed,Delivered,,SS-SRC-0043,Pembersih Lantai 800 ml - 800 ml,800 ml,6638007260876802307,3,18100,54300,3750,1800,48750,23000,23000,yuni.hidayat,Yuni Hidayat,0887706490,"Jl. Sudirman No. 130, RT 12/RW 08, Kel. Sukun",Bekasi,Jawa Barat,17421,COD,J&T Express,Surabaya Warehouse,TikTok Shop,2025-07-23 16:04:44,2025-07-23 17:52:44,2025-07-23 22:52:44,2025-07-24 13:52:44,2025-07-29 13:52:44,,62750,0,
2670056563730400728,Completed,Delivered,,SS-SRC-0014,Bubur Instan Ayam 40 gr - Ayam,Ayam,9733137625552788254,1,4500,4500,150,100,4250,0,19500,hendra191,Hendra Kusuma,0869364567,"Jl. Sudirman No. 78, RT 09/RW 06, Kel. Kuta",Semarang,Jawa Tengah,50570,GoPay,JNE Reguler,Medan Warehouse,TikTok Shop,2025-07-23 18:03:13,2025-07-23 18:22:13,2025-07-25 00:22:13,2025-07-25 06:22:13,2025-07-30 06:22:13,,3750,0,
6500868990930955553,Completed,Delivered,,SS-SRC-0029,Saus Tomat 335 ml - 335 ml,335 ml,2942715647332327595,3,13400,40200,3900,2250,34050,23500,23500,oka.setiawan,Oka Setiawan,0869755911,"Jl. Ahmad Yani No. 104, RT 02/RW 10, Kel. Kebon Jeruk",Depok,Jawa Barat,16801,TikTok Pay,J&T Express,Medan Warehouse,TikTok Shop,2025-07-23 18:04:47,2025-07-23 18:42:47,2025-07-24 20:42:47,2025-07-25 16:42:47,2025-07-30 16:42:47,,78900,0,"Sudah langganan, tolong bonus sachet"
6500868990930955553,Completed,Delivered,,SS-SRC-0024,Kacang Atom 200 gr - 200 gr,200 gr,1631997721075661206,2,12700,25400,4200,300,20900,,,oka.setiawan,Oka Setiawan,0869755911,"Jl. Ahmad Yani No. 104, RT 02/RW 10, Kel. Kebon Jeruk",Depok,Jawa Barat,16801,TikTok Pay,J&T Express,Medan Warehouse,TikTok Shop,2025-07-23 18:04:47,2025-07-23 18:42:47,2025-07-24 20:42:47,2025-07-25 16:42:47,2025-07-30 16:42:47,,,,
6500868990930955553,Completed,Delivered,,SS-SRC-0030,Garam Beryodium 250 gr - 250 gr,250 gr,3551924680123492380,3,3600,10800,1350,1500,7950,,,oka.setiawan,Oka Setiawan,0869755911,"Jl. Ahmad Yani No. 104, RT 02/RW 10, Kel. Kebon Jeruk",Depok,Jawa Barat,16801,TikTok Pay,J&T Express,Medan Warehouse,TikTok Shop,2025-07-23 18:04:47,2025-07-23 18:42:47,2025-07-24 20:42:47,2025-07-25 16:42:47,2025-07-30 16:42:47,,,,
4312224596431697349,Completed,Delivered,,SS-SRC-0002,Air Mineral 1500 ml - 1500 ml,1500 ml,7998762617471362847,1,6600,6600,450,750,5400,12000,25000,indah205,Indah Ramadhan,0896255361,"Jl. Gatot Subroto No. 162, RT 09/RW 01, Kel. Jatiasih",Pekanbaru,Riau,28900,COD,SiCepat REG,Surabaya Warehouse,TikTok Shop,2025-07-24 11:26:56,2025-07-24 11:30:56,2025-07-25 09:30:56,2025-07-26 05:30:56,2025-07-28 05:30:56,,17400,0,
6503958527323048906,Cancelled,Canceled by seller,Alamat pengiriman tidak lengkap,SS-SRC-0007,Susu Kental Manis 370 gr - 370 gr,370 gr,8425236935745452195,1,12000,12000,2050,1800,8150,24500,24500,kartika738,Kartika Hidayat,0862153213,"Jl. Melati No. 101, RT 10/RW 03, Kel. Cibubur",Yogyakarta,DI Yogyakarta,55591,Kartu Kredit/Debit,TikTok Shop Logistics,Medan Warehouse,TikTok Shop,2025-07-25 16:19:00,2025-07-25 18:09:00,,,,2025-07-26 10:19:00,32150,0,Tolong dibungkus bubble wrap ya
7156309956464995222,Cancelled,Canceled by buyer,Pembeli tidak membayar dalam batas waktu,SS-SRC-0018,Sosis Ayam 500 gr - 500 gr,500 gr,4906823234602090207,1,29100,29100,4700,2900,21500,5500,17500,fitri451,Fitri Maulana,0872419022,"Jl. Gatot Subroto No. 69, RT 10/RW 01, Kel. Cikini",Bandung,Jawa Barat,40870,DANA,Ninja Xpress,Jabodetabek Warehouse,TikTok Shop,2025-07-26 18:24:11,,,,,2025-07-28 07:24:11,25000,0,
5937308592747767088,To Ship,Awaiting shipment,,SS-SRC-0027,Kecap Manis 520 ml - 520 ml,520 ml,9607798491129359464,4,17100,68400,9400,3600,55400,15000,24500,putri865,Putri Maulana,0819408620,"Jl. Gatot Subroto No. 1, RT 07/RW 12, Kel. Cibubur",Makassar,Sulawesi Selatan,90224,DANA,TikTok Shop Logistics,Medan Warehouse,TikTok Shop,2025-07-26 19:57:25,2025-07-26 21:20:25,2025-07-27 04:20:25,,,,67400,0,
9669852649478227848,Completed,Delivered,,SS-SRC-0013,Mie Instan Kuah Sapi 75 gr - Kuah Sapi,Kuah Sapi,9104778764294835893,1,3300,3300,250,500,2550,0,11500,kartika764,Kartika Permata,0852325110,"Jl. Ahmad Yani No. 109, RT 10/RW 07, Kel. Jatiasih",Medan,Sumatera Utara,20105,TikTok Pay,AnterAja,Jabodetabek Warehouse,TikTok Shop,2025-07-26 22:30:59,2025-07-27 00:02:59,2025-07-27 18:02:59,2025-07-28 04:02:59,2025-08-04 04:02:59,,43200,0,
9669852649478227848,Completed,Delivered,,SS-SRC-0005,Susu UHT Cokelat 1 L - Cokelat,Cokelat,8693310826810980143,3,19300,57900,8850,8400,40650,,,kartika764,Kartika Permata,0852325110,"Jl. Ahmad Yani No. 109, RT 10/RW 07, Kel. Jatiasih",Medan,Sumatera Utara,20105,TikTok Pay,AnterAja,Jabodetabek Warehouse,TikTok Shop,2025-07-26 22:30:59,2025-07-27 00:02:59,2025-07-27 18:02:59,2025-07-28 04:02:59,2025-08-04 04:02:59,,,,
1024633656799170509,Completed,Delivered,,SS-SRC-0029,Saus Tomat 335 ml - 335 ml,335 ml,2942715647332327595,3,13400,40200,750,6000,33450,0,14500,kartika.halim,Kartika Halim,0889479708,"Jl. Ahmad Yani No. 189, RT 10/RW 11, Kel. Cibubur",Pontianak,Kalimantan Barat,78314,TikTok Pay,SiCepat REG,Jabodetabek Warehouse,TikTok Shop,2025-07-27 11:06:08,2025-07-27 11:13:08,2025-07-27 21:13:08,2025-07-28 14:13:08,2025-08-04 14:13:08,,42900,0,
1024633656799170509,Completed,Delivered,,SS-SRC-0039,Sabun Batang 85 gr - 85 gr,85 gr,9751822380817042858,3,4400,13200,450,300,12450,,,kartika.halim,Kartika Halim,0889479708,"Jl. Ahmad Yani No. 189, RT 10/RW 11, Kel. Cibubur",Pontianak,Kalimantan Barat,78314,TikTok Pay,SiCepat REG,Jabodetabek Warehouse,TikTok Shop,2025-07-27 11:06:08,2025-07-27 11:13:08,2025-07-27 21:13:08,2025-07-28 14:13:08,2025-08-04 14:13:08,,,,
7458846804429259814,Completed,Delivered,,SS-SRC-0039,Sabun Batang 85 gr - 85 gr,85 gr,9751822380817042858,2,4400,8800,1000,1100,6700,0,22000,maya549,Maya Nugroho,0872393578,"Jl. Pahlawan No. 30, RT 12/RW 03, Kel. Menteng",Jakarta Barat,DKI Jakarta,11335,Transfer Bank (BNI),TikTok Shop Logistics,Medan Warehouse,TikTok Shop,2025-07-27 11:13:59,2025-07-27 12:56:59,2025-07-27 22:56:59,2025-07-28 06:56:59,2025-07-29 06:56:59,,8250,0,Kirim hari ini kalau bisa
7458846804429259814,Completed,Delivered,,SS-SRC-0001,Air Mineral 600 ml - 600 ml,600 ml,3016579388887034202,1,4000,4000,550,400,3050,,,maya549,Maya Nugroho,0872393578,"Jl. Pahlawan No. 30, RT 12/RW 03, Kel. Menteng",Jakarta Barat,DKI Jakarta,11335,Transfer Bank (BNI),TikTok Shop Logistics,Medan Warehouse,TikTok Shop,2025-07-27 11:13:59,2025-07-27 12:56:59,2025-07-27 22:56:59,2025-07-28 06:56:59,2025-07-29 06:56:59,,,,
1239550180799417173,Completed,Delivered,,SS-SRC-0011,Mie Instan Goreng 85 gr - Goreng,Goreng,1029932745726049443,1,3600,3600,150,200,3250,9000,24500,wahyu394,Wahyu Halim,0872305089,"Jl. Pahlawan No. 159, RT 02/RW 06, Kel. Wonokromo",Denpasar,Bali,80791,Kartu Kredit/Debit,Ninja Xpress,Jabodetabek Warehouse,TikTok Shop,2025-07-28 13:06:39,2025-07-28 13:39:39,2025-07-29 13:39:39,2025-07-30 03:39:39,2025-08-03 03:39:39,,15000,0,
1239550180799417173,Completed,Delivered,,SS-SRC-0030,Garam Beryodium 250 gr - 250 gr,250 gr,3551924680123492380,1,3600,3600,50,300,3250,,,wahyu394,Wahyu Halim,0872305089,"Jl. Pahlawan No. 159, RT 02/RW 06, Kel. Wonokromo",Denpasar,Bali,80791,Kartu Kredit/Debit,Ninja Xpress,Jabodetabek Warehouse,TikTok Shop,2025-07-28 13:06:39,2025-07-28 13:39:39,2025-07-29 13:39:39,2025-07-30 03:39:39,2025-08-03 03:39:39,,,,
4380038494154950874,In Transit,In transit,,SS-SRC-0017,Nugget Ayam 500 gr - 500 gr,500 gr,2975985799229087719,1,32700,32700,5950,1650,25100,0,21000,rahmat.saputra,Rahmat Saputra,0867524179,"Jl. Sudirman No. 38, RT 05/RW 10, Kel. Kebon Jeruk",Jakarta Timur,DKI Jakarta,13839,Transfer Bank (BCA),JNE Reguler,Medan Warehouse,TikTok Shop,2025-07-28 13:52:46,2025-07-28 14:24:46,2025-07-29 08:24:46,2025-07-29 19:24:46,,,145550,0,
4380038494154950874,In Transit,In transit,,SS-SRC-0036,Shampoo Anti Ketombe 340 ml - Anti Ketombe,Anti Ketombe,4027682109776059856,3,42300,126900,2400,4050,120450,,,rahmat.saputra,Rahmat Saputra,0867524179,"Jl. Sudirman No. 38, RT 05/RW 10, Kel. Kebon Jeruk",Jakarta Timur,DKI Jakarta,13839,Transfer Bank (BCA),JNE Reguler,Medan Warehouse,TikTok Shop,2025-07-28 13:52:46,2025-07-28 14:24:46,2025-07-29 08:24:46,2025-07-29 19:24:46,,,,,
2607915683674317661,Completed,Delivered,,SS-SRC-0011,Mie Instan Goreng 85 gr - Goreng,Goreng,1029932745726049443,1,3600,3600,250,100,3250,10500,10500,putri.halim,Putri Halim,0825633534,"Jl. Melati No. 155, RT 10/RW 08, Kel. Menteng",Depok,Jawa Barat,16291,Alfamart,Ninja Xpress,Surabaya Warehouse,TikTok Shop,2025-07-28 22:36:21,2025-07-28 23:04:21,2025-07-30 08:04:21,2025-07-31 07:04:21,2025-08-07 07:04:21,,13750,0,
6141951354737203598,Completed,Delivered,,SS-SRC-0035,Sabun Cair 450 ml - 450 ml,450 ml,5341349175503144055,4,29200,116800,400,4600,111800,9500,9500,budi.hidayat,Budi Hidayat,0873960038,"Jl. Melati No. 191, RT 06/RW 05, Kel. Rawa Belong",Jakarta Timur,DKI Jakarta,13468,Transfer Bank (BCA),SiCepat REG,Medan Warehouse,TikTok Shop,2025-07-29 17:36:03,2025-07-29 18:02:03,2025-07-31 06:02:03,2025-07-31 12:02:03,2025-08-07 12:02:03,,121300,0,
9368189152884171851,Completed,Delivered,,SS-SRC-0025,Kerupuk Udang 200 gr - 200 gr,200 gr,5821819503425009203,1,8900,8900,750,750,7400,23000,23000,user33840642,Oka Pratama,0863694387,"Jl. Merdeka No. 137, RT 06/RW 08, Kel. Wonokromo",Semarang,Jawa Tengah,50276,Kartu Kredit/Debit,J&T Express,Medan Warehouse,TikTok Shop,2025-07-30 16:25:14,2025-07-30 16:36:14,2025-07-31 20:36:14,2025-07-31 21:36:14,2025-08-03 21:36:14,,40700,0,
9368189152884171851,Completed,Delivered,,SS-SRC-0022,Cokelat Batang 65 gr - 65 gr,65 gr,9829696716179755544,1,11700,11700,50,350,11300,,,user33840642,Oka Pratama,0863694387,"Jl. Merdeka No. 137, RT 06/RW 08, Kel. Wonokromo",Semarang,Jawa Tengah,50276,Kartu Kredit/Debit,J&T Express,Medan Warehouse,TikTok Shop,2025-07-30 16:25:14,2025-07-30 16:36:14,2025-07-31 20:36:14,2025-07-31 21:36:14,2025-08-03 21:36:14,,,,
5604497189638436363,Cancelled,Canceled by buyer,Pembeli mengajukan pembatalan,SS-SRC-0045,Pemutih Pakaian 1 L - 1 L,1 L,8824521752496525445,2,14600,29200,5700,3500,20000,25000,25000,user50244616,Nanda Hidayat,0861381143,"Jl. Sudirman No. 160, RT 02/RW 06, Kel. Sukamaju",Jakarta Pusat,DKI Jakarta,10107,GoPay,J&T Express,Surabaya Warehouse,TikTok Shop,2025-07-30 19:56:19,2025-07-30 20:50:19,,,,2025-07-31 06:56:19,135000,0,
5604497189638436363,Cancelled,Canceled by buyer,Pembeli mengajukan pembatalan,SS-SRC-0050,Kopi Susu Sachet (10x) - 10 sachet,10 sachet,8871667945541610041,5,22900,114500,19250,5250,90000,,,user50244616,Nanda Hidayat,0861381143,"Jl. Sudirman No. 160, RT 02/RW 06, Kel. Sukamaju",Jakarta Pusat,DKI Jakarta,10107,GoPay,J&T Express,Surabaya Warehouse,TikTok Shop,2025-07-30 19:56:19,2025-07-30 20:50:19,,,,2025-07-31 06:56:19,,,
7613540079258168436,Cancelled,Canceled by buyer,Pembeli tidak membayar dalam batas waktu,SS-SRC-0037,Pasta Gigi 190 gr - 190 gr,190 gr,3409284955653549218,1,18600,18600,2000,1600,15000,12500,12500,joko613,Joko Saputra,0895019446,"Jl. Thamrin No. 166, RT 08/RW 06, Kel. Sukamaju",Yogyakarta,DI Yogyakarta,55501,Transfer Bank (BNI),SiCepat REG,Medan Warehouse,TikTok Shop,2025-07-30 20:37:33,2025-07-30 21:26:33,,,,2025-07-31 13:37:33,27500,0,Tolong dibungkus bubble wrap ya
3511408387666576420,Completed,Delivered,,SS-SRC-0029,Saus Tomat 335 ml - 335 ml,335 ml,2942715647332327595,5,13400,67000,6000,5750,55250,0,23000,hendra163,Hendra Wijaya,0826247241,"Jl. Sudirman No. 91, RT 01/RW 06, Kel. Cibubur",Balikpapan,Kalimantan Timur,76926,TikTok Pay,J&T Express,Surabaya Warehouse,TikTok Shop,2025-07-31 09:32:43,2025-07-31 10:32:43,2025-08-01 13:32:43,2025-08-01 23:32:43,2025-08-04 23:32:43,,96050,0,
3511408387666576420,Completed,Delivered,,SS-SRC-0015,Sarden Kaleng 155 gr - 155 gr,155 gr,6994067111485615417,4,13000,52000,7400,3800,40800,,,hendra163,Hendra Wijaya,0826247241,"Jl. Sudirman No. 91, RT 01/RW 06, Kel. Cibubur",Balikpapan,Kalimantan Timur,76926,TikTok Pay,J&T Express,Surabaya Warehouse,TikTok Shop,2025-07-31 09:32:43,2025-07-31 10:32:43,2025-08-01 13:32:43,2025-08-01 23:32:43,2025-08-04 23:32:43,,,,
5528743077309179215,To Ship,Awaiting shipment,,SS-SRC-0049,Teh Celup 25 Bags - 25 bags,25 bags,6387181721811768831,5,12700,63500,4250,7500,51750,0,10500,user36957830,Kartika Halim,0874291599,"Jl. Thamrin No. 102, RT 06/RW 05, Kel. Kuta",Yogyakarta,DI Yogyakarta,55811,Kartu Kredit/Debit,Ninja Xpress,Medan Warehouse,TikTok Shop,2025-07-31 12:52:52,2025-07-31 12:56:52,2025-08-01 19:56:52,,,,59850,0,"Sudah langganan, tolong bonus sachet"
5528743077309179215,To Ship,Awaiting shipment,,SS-SRC-0005,Susu UHT Cokelat 1 L - Cokelat,Cokelat,8693310826810980143,1,19300,19300,1400,2300,15600,,,user36957830,Kartika Halim,0874291599,"Jl. Thamrin No. 102, RT 06/RW 05, Kel. Kuta",Yogyakarta,DI Yogyakarta,55811,Kartu Kredit/Debit,Ninja Xpress,Medan Warehouse,TikTok Shop,2025-07-31 12:52:52,2025-07-31 12:56:52,2025-08-01 19:56:52,,,,,,
9006603152796565017,Completed,Delivered,,SS-SRC-0001,Air Mineral 600 ml - 600 ml,600 ml,3016579388887034202,1,4000,4000,700,100,3200,4500,10000,tono.kusuma,Tono Kusuma,0846039806,"Jl. Cendrawasih No. 160, RT 10/RW 09, Kel. Tanah Abang",Bogor,Jawa Barat,16902,TikTok Pay,SiCepat REG,Jabodetabek Warehouse,TikTok Shop,2025-07-31 13:29:48,2025-07-31 14:58:48,2025-08-01 06:58:48,2025-08-02 04:58:48,2025-08-09 04:58:48,,7700,0,
3579127235903306891,Completed,Delivered,,SS-SRC-0011,Mie Instan Goreng 85 gr - Goreng,Goreng,1029932745726049443,1,3600,3600,700,300,2600,22500,22500,putri189,Putri Halim,0876943778,"Jl. Gatot Subroto No. 108, RT 12/RW 06, Kel. Rawa Belong",Denpasar,Bali,80974,Kartu Kredit/Debit,TikTok Shop Logistics,Medan Warehouse,TikTok Shop,2025-07-31 18:16:11,2025-07-31 18:47:11,2025-08-01 23:47:11,2025-08-02 12:47:11,2025-08-04 12:47:11,,24600,0,
